-- source C:/MAMP/htdocs/Business-Care/database/seeders/sample_data.sql

USE business_care;

SET FOREIGN_KEY_CHECKS = 0;
TRUNCATE TABLE notifications;
TRUNCATE TABLE evaluations;
TRUNCATE TABLE dons;
TRUNCATE TABLE communautes;
TRUNCATE TABLE evenements;
TRUNCATE TABLE rendez_vous;
TRUNCATE TABLE factures;
TRUNCATE TABLE devis;
TRUNCATE TABLE contrats;
TRUNCATE TABLE personnes;
TRUNCATE TABLE prestations;
TRUNCATE TABLE entreprises;
TRUNCATE TABLE roles;
SET FOREIGN_KEY_CHECKS = 1;

INSERT INTO roles (nom, description) VALUES
('admin', 'Administrateur systeme'),
('salarie', 'Salarie d''une entreprise'),
('prestataire', 'Prestataire de services'),
('entreprise', 'Entreprise cliente');

INSERT INTO entreprises (nom, siret, adresse, code_postal, ville, telephone, email, site_web, logo_url, taille_entreprise, secteur_activite, date_creation) VALUES
('Tech Solutions SA', '12345678901234', '123 Rue de l''Innovation', '75001', 'Paris', '01 23 45 67 89', 'contact@techsolutions.fr', 'www.techsolutions.fr', '/logos/techsolutions.png', '51-200', 'Technologie', '2020-01-15'),
('Sante Plus', '98765432109876', '456 Avenue de la Sante', '75002', 'Paris', '01 98 76 54 32', 'contact@santeplus.fr', 'www.santeplus.fr', '/logos/santeplus.png', '201-500', 'Sante', '2019-06-20'),
('Bien-etre Corp', '45678901234567', '789 Boulevard du Bien-etre', '75003', 'Paris', '01 45 67 89 01', 'contact@bienetrecorp.fr', 'www.bienetrecorp.fr', '/logos/bienetrecorp.png', '11-50', 'Bien-etre', '2021-03-10'),
('Eco Habitat', '23456789012345', '12 Rue Verte', '69001', 'Lyon', '04 56 78 90 12', 'contact@ecohabitat.fr', 'www.ecohabitat.fr', '/logos/ecohabitat.png', '11-50', 'Construction durable', '2018-09-05'),
('Finance Conseil', '34567890123456', '45 Avenue des Finances', '33000', 'Bordeaux', '05 67 89 01 23', 'info@financeconseil.fr', 'www.financeconseil.fr', '/logos/financeconseil.png', '11-50', 'Finance', '2017-11-12'),
('Digital Marketing', '56789012345678', '78 Boulevard Numerique', '59000', 'Lille', '03 78 90 12 34', 'contact@digitalmarketing.fr', 'www.digitalmarketing.fr', '/logos/digitalmarketing.png', '1-10', 'Marketing', '2021-02-28'),
('Agro Bio', '67890123456789', '23 Rue de l''Agriculture', '44000', 'Nantes', '02 89 01 23 45', 'info@agrobio.fr', 'www.agrobio.fr', '/logos/agrobio.png', '51-200', 'Agriculture', '2016-07-19'),
('Transport Express', '78901234567890', '56 Avenue de la Logistique', '13001', 'Marseille', '04 90 12 34 56', 'contact@transportexpress.fr', 'www.transportexpress.fr', '/logos/transportexpress.png', '201-500', 'Transport', '2015-04-30'),
('Education Plus', '89012345678901', '89 Rue du Savoir', '31000', 'Toulouse', '05 01 23 45 67', 'contact@educationplus.fr', 'www.educationplus.fr', '/logos/educationplus.png', '51-200', 'Education', '2019-08-15'),
('Securite Pro', '90123456789012', '34 Boulevard de la Securite', '67000', 'Strasbourg', '03 12 34 56 78', 'info@securitepro.fr', 'www.securitepro.fr', '/logos/securitepro.png', '11-50', 'Securite', '2020-05-22'),
('Mode Ethique', '01234567890123', '67 Rue de la Mode', '69002', 'Lyon', '04 23 45 67 89', 'contact@modeethique.fr', 'www.modeethique.fr', '/logos/modeethique.png', '1-10', 'Mode', '2022-01-10'),
('Energie Verte', '12345678901235', '90 Avenue des Energies', '33001', 'Bordeaux', '05 34 56 78 90', 'info@energieverte.fr', 'www.energieverte.fr', '/logos/energieverte.png', '51-200', 'Energie', '2017-03-25'),
('Resto Concept', '23456789012346', '12 Rue de la Gastronomie', '75004', 'Paris', '01 45 67 89 02', 'contact@restoconcept.fr', 'www.restoconcept.fr', '/logos/restoconcept.png', '11-50', 'Restauration', '2018-11-08'),
('Immobilier Conseil', '34567890123457', '45 Boulevard Immobilier', '59001', 'Lille', '03 56 78 90 13', 'info@immobilierconseil.fr', 'www.immobilierconseil.fr', '/logos/immobilierconseil.png', '11-50', 'Immobilier', '2019-06-14'),
('Pharma Sante', '45678901234568', '78 Avenue de la Sante', '44001', 'Nantes', '02 67 89 01 24', 'contact@pharmasante.fr', 'www.pharmasante.fr', '/logos/pharmasante.png', '51-200', 'Pharmaceutique', '2016-09-30'),
('Tourisme Aventure', '56789012345679', '23 Rue du Voyage', '13002', 'Marseille', '04 78 90 12 35', 'info@tourismeaventure.fr', 'www.tourismeaventure.fr', '/logos/tourismeaventure.png', '11-50', 'Tourisme', '2021-05-17'),
('Media Group', '67890123456780', '56 Boulevard des Medias', '31001', 'Toulouse', '05 89 01 23 46', 'contact@mediagroup.fr', 'www.mediagroup.fr', '/logos/mediagroup.png', '51-200', 'Media', '2015-12-03'),
('Legal Experts', '78901234567891', '89 Avenue Juridique', '67001', 'Strasbourg', '03 90 12 34 57', 'info@legalexperts.fr', 'www.legalexperts.fr', '/logos/legalexperts.png', '11-50', 'Juridique', '2018-02-20'),
('Art Design', '89012345678902', '34 Rue Artistique', '75005', 'Paris', '01 01 23 45 68', 'contact@artdesign.fr', 'www.artdesign.fr', '/logos/artdesign.png', '1-10', 'Design', '2022-04-05'),
('Sport Actif', '90123456789013', '67 Boulevard Sportif', '69003', 'Lyon', '04 12 34 56 79', 'info@sportactif.fr', 'www.sportactif.fr', '/logos/sportactif.png', '11-50', 'Sport', '2020-08-11'),
('Industrie Tech', '01234567890124', '90 Rue Industrielle', '33002', 'Bordeaux', '05 23 45 67 80', 'contact@industrietech.fr', 'www.industrietech.fr', '/logos/industrietech.png', '201-500', 'Industrie', '2016-01-15'),
('Consulting Group', '12345678901236', '12 Avenue du Conseil', '59002', 'Lille', '03 34 56 78 91', 'info@consultinggroup.fr', 'www.consultinggroup.fr', '/logos/consultinggroup.png', '51-200', 'Conseil', '2017-07-22'),
('Logistique Pro', '23456789012347', '45 Rue Logistique', '44002', 'Nantes', '02 45 67 89 03', 'contact@logistiquepro.fr', 'www.logistiquepro.fr', '/logos/logistiquepro.png', '51-200', 'Logistique', '2019-10-09'),
('Assurance Direct', '34567890123458', '78 Boulevard des Assurances', '13003', 'Marseille', '04 56 78 90 14', 'info@assurancedirect.fr', 'www.assurancedirect.fr', '/logos/assurancedirect.png', '51-200', 'Assurance', '2018-05-28'),
('Formation Continue', '45678901234569', '23 Avenue de la Formation', '31002', 'Toulouse', '05 67 89 01 25', 'contact@formationcontinue.fr', 'www.formationcontinue.fr', '/logos/formationcontinue.png', '11-50', 'Formation', '2020-11-14'),
('Recherche Innovation', '56789012345680', '56 Rue de la Recherche', '67002', 'Strasbourg', '03 78 90 12 36', 'info@rechercheinnovation.fr', 'www.rechercheinnovation.fr', '/logos/rechercheinnovation.png', '51-200', 'Recherche', '2015-08-07'),
('Textile Moderne', '67890123456781', '89 Boulevard du Textile', '75006', 'Paris', '01 89 01 23 47', 'contact@textilemoderne.fr', 'www.textilemoderne.fr', '/logos/textilemoderne.png', '11-50', 'Textile', '2021-09-23'),
('Informatique Services', '78901234567892', '34 Avenue Informatique', '69004', 'Lyon', '04 90 12 34 58', 'info@informatiqueservices.fr', 'www.informatiqueservices.fr', '/logos/informatiqueservices.png', '51-200', 'Informatique', '2016-04-12'),
('Evenementiel Pro', '89012345678903', '67 Rue des Evenements', '33003', 'Bordeaux', '05 01 23 45 69', 'contact@evenementielpro.fr', 'www.evenementielpro.fr', '/logos/evenementielpro.png', '11-50', 'Evenementiel', '2019-03-01'),
('Sante Mentale', '90123456789014', '90 Boulevard de la Psychologie', '59003', 'Lille', '03 12 34 56 80', 'info@santementale.fr', 'www.santementale.fr', '/logos/santementale.png', '11-50', 'Sante mentale', '2017-10-19');


INSERT INTO prestations (nom, description, prix, duree, type, categorie, niveau_difficulte, capacite_max, materiel_necessaire, prerequis) VALUES
('Consultation Psychologique', 'Seance individuelle de 45 minutes avec un psychologue qualifie', 80.00, 45, 'consultation', 'Sante mentale', 'intermediaire', 1, 'Aucun', 'Aucun'),
('Yoga en Entreprise', 'Seance de yoga adaptee au milieu professionnel', 120.00, 60, 'atelier', 'Bien-etre physique', 'debutant', 20, 'Tapis de yoga', 'Aucun'),
('Webinar Gestion du Stress', 'Formation en ligne sur la gestion du stress', 150.00, 90, 'webinar', 'Formation', 'debutant', 50, 'Ordinateur, connexion internet', 'Aucun'),
('Conference Bien-etre', 'Conference sur les bonnes pratiques de bien-etre', 200.00, 120, 'conference', 'Formation', 'intermediaire', 100, 'Aucun', 'Aucun'),
('Defi Sportif Mensuel', 'Programme d''activites physiques sur un mois', 180.00, 30, 'evenement', 'Sport', 'avance', 30, 'Tenue de sport', 'Niveau intermediaire');
INSERT INTO prestations (nom, description, prix, duree, type, categorie, niveau_difficulte, capacite_max, materiel_necessaire, prerequis) VALUES
('Massage Therapeutique', 'Massage professionnel pour soulager les tensions musculaires', 90.00, 60, 'consultation', 'Bien-etre physique', 'intermediaire', 1, 'Table de massage', 'Aucun'),
('Meditation Guidee', 'Session de meditation guidee pour reduire le stress', 60.00, 45, 'atelier', 'Bien-etre mental', 'debutant', 15, 'Tapis de meditation', 'Aucun'),
('Coaching Nutrition', 'Consultation personnalisee sur les habitudes alimentaires', 110.00, 60, 'consultation', 'Nutrition', 'intermediaire', 1, 'Aucun', 'Aucun'),
('Pilates Entreprise', 'Cours de pilates adapte au milieu professionnel', 130.00, 60, 'atelier', 'Bien-etre physique', 'intermediaire', 15, 'Tapis de pilates', 'Aucun'),
('Atelier Gestion du Temps', 'Formation sur les techniques de gestion du temps', 180.00, 120, 'atelier', 'Developpement professionnel', 'intermediaire', 20, 'Cahier, stylo', 'Aucun'),
('Sophrologie en Groupe', 'Seance de sophrologie pour gerer le stress', 100.00, 60, 'atelier', 'Bien-etre mental', 'debutant', 12, 'Tapis de sol', 'Aucun'),
('Bilan Sante Complet', 'Evaluation complete de la sante physique', 250.00, 90, 'consultation', 'Sante physique', 'avance', 1, 'Equipement medical', 'Aucun'),
('Coaching Leadership', 'Developpement des competences en leadership', 200.00, 90, 'atelier', 'Developpement professionnel', 'avance', 1, 'Aucun', 'Experience en management'),
('Atelier Ergonomie', 'Conseils sur l\'amenagement ergonomique du poste de travail', 150.00, 60, 'atelier', 'Sante au travail', 'intermediaire', 10, 'Aucun', 'Aucun'),
('Tai Chi en Entreprise', 'Initiation au Tai Chi pour la relaxation', 110.00, 60, 'atelier', 'Bien-etre physique', 'debutant', 15, 'Tenue confortable', 'Aucun'),
('Coaching Communication', 'Amelioration des competences en communication', 180.00, 75, 'atelier', 'Developpement professionnel', 'intermediaire', 1, 'Aucun', 'Aucun'),
('Atelier Sommeil', 'Techniques pour ameliorer la qualite du sommeil', 120.00, 90, 'atelier', 'Bien-etre mental', 'debutant', 15, 'Aucun', 'Aucun'),
('Reflexologie Plantaire', 'Massage des zones reflexes des pieds', 85.00, 45, 'consultation', 'Bien-etre physique', 'intermediaire', 1, 'Fauteuil specialise', 'Aucun'),
('Formation Premiers Secours', 'Apprentissage des gestes de premiers secours', 160.00, 240, 'conference', 'Sante', 'intermediaire', 12, 'Mannequin de secourisme', 'Aucun'),
('Coaching Reconversion', 'Accompagnement dans un projet de reconversion professionnelle', 220.00, 90, 'atelier', 'Developpement professionnel', 'avance', 1, 'Aucun', 'Aucun'),
('Atelier Anti-Stress', 'Techniques pratiques pour gerer le stress quotidien', 130.00, 90, 'atelier', 'Bien-etre mental', 'debutant', 15, 'Aucun', 'Aucun'),
('Bilan Posture', 'Analyse posturale et recommandations', 95.00, 60, 'consultation', 'Sante physique', 'intermediaire', 1, 'Equipement d\'analyse posturale', 'Aucun'),
('Team Building Nature', 'Activites de cohesion d\'equipe en plein air', 300.00, 240, 'evenement', 'Developpement d\'equipe', 'intermediaire', 25, 'Tenue adaptee', 'Aucun'),
('Hypnotherapie', 'Seance d\'hypnose therapeutique', 120.00, 60, 'consultation', 'Bien-etre mental', 'avance', 1, 'Aucun', 'Aucun'),
('Atelier Nutrition', 'Conseils nutritionnels en groupe', 140.00, 120, 'atelier', 'Nutrition', 'debutant', 15, 'Aucun', 'Aucun'),
('Coaching Gestion du Stress', 'Accompagnement personnalise pour gerer le stress', 170.00, 60, 'atelier', 'Bien-etre mental', 'intermediaire', 1, 'Aucun', 'Aucun'),
('Stretching Entreprise', 'Seance d\'etirements adaptee au bureau', 100.00, 45, 'atelier', 'Bien-etre physique', 'debutant', 20, 'Tenue confortable', 'Aucun'),
('Bilan Energetique', 'Evaluation de l\'equilibre energetique', 130.00, 75, 'consultation', 'Bien-etre holistique', 'avance', 1, 'Aucun', 'Aucun'),
('Atelier Mindfulness', 'Pratique de la pleine conscience', 110.00, 60, 'atelier', 'Bien-etre mental', 'intermediaire', 12, 'Tapis de meditation', 'Aucun'),
('Conference Motivation', 'Conference inspirante sur la motivation au travail', 250.00, 120, 'conference', 'Developpement professionnel', 'intermediaire', 100, 'Aucun', 'Aucun');


INSERT INTO personnes (nom, prenom, email, mot_de_passe, telephone, date_naissance, genre, photo_url, role_id, entreprise_id, statut, derniere_connexion) VALUES
('Admin', 'System', 'admin@businesscare.fr', '$2y$10$CGP1gfg0khtXjAZcJFC6iO3oYisjwlPfkm8tQ8Q/OxWpFdR7tOiqO', '00 00 00 00 00', '1990-01-01', 'Autre', '/photos/admin.jpg', 1, NULL, 'actif', '2024-03-17 18:30:00'),
('Dupont', 'Marie', 'marie.dupont@techsolutions.fr', '$2y$10$92IXUNpkjO0rOQ5byMi.Ye4oKoEa3Ro9llC/.og/at2.uheWG/igi', '06 12 34 56 78', '1990-05-15', 'F', '/photos/marie.dupont.jpg', 2, 1, 'actif', '2024-03-17 14:30:00'),
('Martin', 'Jean', 'jean.martin@santeplus.fr', '$2y$10$92IXUNpkjO0rOQ5byMi.Ye4oKoEa3Ro9llC/.og/at2.uheWG/igi', '06 23 45 67 89', '1985-08-20', 'M', '/photos/jean.martin.jpg', 2, 2, 'actif', '2024-03-17 15:45:00'),
('Petit', 'Sophie', 'sophie.petit@bienetrecorp.fr', '$2y$10$92IXUNpkjO0rOQ5byMi.Ye4oKoEa3Ro9llC/.og/at2.uheWG/igi', '06 34 56 78 90', '1992-03-10', 'F', '/photos/sophie.petit.jpg', 2, 3, 'actif', '2024-03-17 16:20:00'),
('Dubois', 'Pierre', 'pierre.dubois@prestataire.fr', '$2y$10$92IXUNpkjO0rOQ5byMi.Ye4oKoEa3Ro9llC/.og/at2.uheWG/igi', '06 45 67 89 01', '1988-12-25', 'M', '/photos/pierre.dubois.jpg', 3, NULL, 'actif', '2024-03-17 17:00:00'),
('Leroy', 'Thomas', 'thomas.leroy@logistiquepro.fr', '$2y$10$92IXUNpkjO0rOQ5byMi.Ye4oKoEa3Ro9llC/.og/at2.uheWG/igi', '06 56 78 90 12', '1987-07-18', 'M', '/photos/thomas.leroy.jpg', 2, 4, 'actif', '2024-03-16 09:15:00'),
('Moreau', 'Julie', 'julie.moreau@assurancedirect.fr', '$2y$10$92IXUNpkjO0rOQ5byMi.Ye4oKoEa3Ro9llC/.og/at2.uheWG/igi', '06 67 89 01 23', '1991-09-30', 'F', '/photos/julie.moreau.jpg', 2, 5, 'actif', '2024-03-16 11:20:00'),
('Simon', 'Lucas', 'lucas.simon@formationcontinue.fr', '$2y$10$92IXUNpkjO0rOQ5byMi.Ye4oKoEa3Ro9llC/.og/at2.uheWG/igi', '06 78 90 12 34', '1989-04-12', 'M', '/photos/lucas.simon.jpg', 2, 6, 'actif', '2024-03-16 14:45:00'),
('Fournier', 'Emma', 'emma.fournier@rechercheinnovation.fr', '$2y$10$92IXUNpkjO0rOQ5byMi.Ye4oKoEa3Ro9llC/.og/at2.uheWG/igi', '06 89 01 23 45', '1993-11-05', 'F', '/photos/emma.fournier.jpg', 2, 7, 'actif', '2024-03-16 16:30:00'),
('Girard', 'Antoine', 'antoine.girard@textilemoderne.fr', '$2y$10$92IXUNpkjO0rOQ5byMi.Ye4oKoEa3Ro9llC/.og/at2.uheWG/igi', '06 90 12 34 56', '1986-02-28', 'M', '/photos/antoine.girard.jpg', 2, 8, 'actif', '2024-03-16 18:10:00'),
('Rousseau', 'Camille', 'camille.rousseau@informatiqueservices.fr', '$2y$10$92IXUNpkjO0rOQ5byMi.Ye4oKoEa3Ro9llC/.og/at2.uheWG/igi', '06 01 23 45 67', '1990-06-15', 'F', '/photos/camille.rousseau.jpg', 2, 9, 'actif', '2024-03-15 09:45:00'),
('Mercier', 'Hugo', 'hugo.mercier@evenementielpro.fr', '$2y$10$92IXUNpkjO0rOQ5byMi.Ye4oKoEa3Ro9llC/.og/at2.uheWG/igi', '06 12 34 56 78', '1988-08-22', 'M', '/photos/hugo.mercier.jpg', 2, 10, 'actif', '2024-03-15 11:20:00'),
('Blanc', 'Lea', 'lea.blanc@santementale.fr', '$2y$10$92IXUNpkjO0rOQ5byMi.Ye4oKoEa3Ro9llC/.og/at2.uheWG/igi', '06 23 45 67 89', '1992-01-10', 'F', '/photos/lea.blanc.jpg', 2, 11, 'actif', '2024-03-15 14:30:00'),
('Guerin', 'Maxime', 'maxime.guerin@prestataire.fr', '$2y$10$92IXUNpkjO0rOQ5byMi.Ye4oKoEa3Ro9llC/.og/at2.uheWG/igi', '06 34 56 78 90', '1985-12-03', 'M', '/photos/maxime.guerin.jpg', 3, NULL, 'actif', '2024-03-15 16:45:00'),
('Faure', 'Chloe', 'chloe.faure@prestataire.fr', '$2y$10$92IXUNpkjO0rOQ5byMi.Ye4oKoEa3Ro9llC/.og/at2.uheWG/igi', '06 45 67 89 01', '1991-03-25', 'F', '/photos/chloe.faure.jpg', 3, NULL, 'actif', '2024-03-15 18:15:00'),
('Roux', 'Nathan', 'nathan.roux@techsolutions.fr', '$2y$10$92IXUNpkjO0rOQ5byMi.Ye4oKoEa3Ro9llC/.og/at2.uheWG/igi', '06 56 78 90 12', '1987-05-17', 'M', '/photos/nathan.roux.jpg', 2, 1, 'actif', '2024-03-14 10:30:00'),
('Morel', 'Manon', 'manon.morel@santeplus.fr', '$2y$10$92IXUNpkjO0rOQ5byMi.Ye4oKoEa3Ro9llC/.og/at2.uheWG/igi', '06 67 89 01 23', '1993-07-08', 'F', '/photos/manon.morel.jpg', 2, 2, 'actif', '2024-03-14 13:45:00'),
('Perrin', 'Theo', 'theo.perrin@bienetrecorp.fr', '$2y$10$92IXUNpkjO0rOQ5byMi.Ye4oKoEa3Ro9llC/.og/at2.uheWG/igi', '06 78 90 12 34', '1989-09-20', 'M', '/photos/theo.perrin.jpg', 2, 3, 'actif', '2024-03-14 15:20:00'),
('Gauthier', 'Ines', 'ines.gauthier@logistiquepro.fr', '$2y$10$92IXUNpkjO0rOQ5byMi.Ye4oKoEa3Ro9llC/.og/at2.uheWG/igi', '06 89 01 23 45', '1990-11-12', 'F', '/photos/ines.gauthier.jpg', 2, 4, 'actif', '2024-03-14 17:30:00'),
('Legrand', 'Mathis', 'mathis.legrand@assurancedirect.fr', '$2y$10$92IXUNpkjO0rOQ5byMi.Ye4oKoEa3Ro9llC/.og/at2.uheWG/igi', '06 90 12 34 56', '1986-04-05', 'M', '/photos/mathis.legrand.jpg', 2, 5, 'inactif', '2024-03-13 09:15:00'),
('Robin', 'Clara', 'clara.robin@formationcontinue.fr', '$2y$10$92IXUNpkjO0rOQ5byMi.Ye4oKoEa3Ro9llC/.og/at2.uheWG/igi', '06 01 23 45 67', '1992-06-28', 'F', '/photos/clara.robin.jpg', 2, 6, 'actif', '2024-03-13 11:45:00'),
('Bertrand', 'Enzo', 'enzo.bertrand@rechercheinnovation.fr', '$2y$10$92IXUNpkjO0rOQ5byMi.Ye4oKoEa3Ro9llC/.og/at2.uheWG/igi', '06 12 34 56 78', '1988-02-14', 'M', '/photos/enzo.bertrand.jpg', 2, 7, 'actif', '2024-03-13 14:20:00'),
('Clement', 'Jade', 'jade.clement@textilemoderne.fr', '$2y$10$92IXUNpkjO0rOQ5byMi.Ye4oKoEa3Ro9llC/.og/at2.uheWG/igi', '06 23 45 67 89', '1991-08-09', 'F', '/photos/jade.clement.jpg', 2, 8, 'actif', '2024-03-13 16:30:00'),
('Durand', 'Louis', 'louis.durand@informatiqueservices.fr', '$2y$10$92IXUNpkjO0rOQ5byMi.Ye4oKoEa3Ro9llC/.og/at2.uheWG/igi', '06 34 56 78 90', '1987-10-23', 'M', '/photos/louis.durand.jpg', 2, 9, 'actif', '2024-03-13 18:15:00'),
('Fontaine', 'Sarah', 'sarah.fontaine@evenementielpro.fr', '$2y$10$92IXUNpkjO0rOQ5byMi.Ye4oKoEa3Ro9llC/.og/at2.uheWG/igi', '06 45 67 89 01', '1993-12-15', 'F', '/photos/sarah.fontaine.jpg', 2, 10, 'actif', '2024-03-12 10:45:00'),
('Roussel', 'Gabriel', 'gabriel.roussel@santementale.fr', '$2y$10$92IXUNpkjO0rOQ5byMi.Ye4oKoEa3Ro9llC/.og/at2.uheWG/igi', '06 56 78 90 12', '1989-01-30', 'M', '/photos/gabriel.roussel.jpg', 2, 11, 'actif', '2024-03-12 13:20:00'),
('Vincent', 'Lucie', 'lucie.vincent@prestataire.fr', '$2y$10$92IXUNpkjO0rOQ5byMi.Ye4oKoEa3Ro9llC/.og/at2.uheWG/igi', '06 67 89 01 23', '1990-03-18', 'F', '/photos/lucie.vincent.jpg', 3, NULL, 'actif', '2024-03-12 15:45:00'),
('Chevalier', 'Raphael', 'raphael.chevalier@prestataire.fr', '$2y$10$92IXUNpkjO0rOQ5byMi.Ye4oKoEa3Ro9llC/.og/at2.uheWG/igi', '06 78 90 12 34', '1986-05-07', 'M', '/photos/raphael.chevalier.jpg', 3, NULL, 'actif', '2024-03-12 17:30:00'),
('Marchand', 'Zoe', 'zoe.marchand@techsolutions.fr', '$2y$10$92IXUNpkjO0rOQ5byMi.Ye4oKoEa3Ro9llC/.og/at2.uheWG/igi', '06 89 01 23 45', '1992-07-22', 'F', '/photos/zoe.marchand.jpg', 2, 1, 'actif', '2024-03-11 09:30:00'),
('Dupuis', 'Adam', 'adam.dupuis@santeplus.fr', '$2y$10$92IXUNpkjO0rOQ5byMi.Ye4oKoEa3Ro9llC/.og/at2.uheWG/igi', '06 90 12 34 56', '1988-09-14', 'M', '/photos/adam.dupuis.jpg', 2, 2, 'actif', '2024-03-11 11:45:00');


INSERT INTO contrats (entreprise_id, date_debut, date_fin, montant_mensuel, nombre_salaries, type_contrat, statut, conditions_particulieres) VALUES
(1, '2024-01-01', '2024-12-31', 5000.00, 150, 'premium', 'actif', 'Acces a toutes les prestations premium'),
(2, '2024-02-01', '2024-12-31', 7500.00, 300, 'entreprise', 'actif', 'Acces illimite aux prestations'),
(3, '2024-03-01', '2024-12-31', 2500.00, 35, 'standard', 'en_attente', 'Acces aux prestations de base'),
(4, '2024-01-15', '2024-12-31', 3200.00, 80, 'standard', 'actif', 'Acces aux prestations de base et ateliers'),
(5, '2024-02-10', '2024-12-31', 4500.00, 120, 'premium', 'actif', 'Acces a toutes les prestations avec tarifs preferentiels'),
(6, '2024-01-20', '2024-12-31', 1800.00, 25, 'standard', 'actif', 'Acces aux prestations de base'),
(7, '2024-03-05', '2024-12-31', 6000.00, 200, 'entreprise', 'actif', 'Acces illimite aux prestations et evenements'),
(8, '2024-02-15', '2024-12-31', 2200.00, 40, 'standard', 'actif', 'Acces aux prestations de base'),
(9, '2024-01-10', '2024-12-31', 3800.00, 90, 'premium', 'actif', 'Acces a toutes les prestations premium'),
(10, '2024-03-01', '2024-12-31', 5500.00, 150, 'entreprise', 'actif', 'Acces illimite aux prestations'),
(11, '2024-02-01', '2024-12-31', 2800.00, 50, 'standard', 'actif', 'Acces aux prestations de base'),
(12, '2024-01-15', '2024-06-30', 4200.00, 100, 'premium', 'actif', 'Acces a toutes les prestations premium'),
(13, '2024-03-10', '2024-12-31', 1500.00, 20, 'standard', 'en_attente', 'Acces aux prestations de base'),
(14, '2024-02-20', '2024-12-31', 3500.00, 75, 'premium', 'actif', 'Acces a toutes les prestations premium'),
(15, '2024-01-05', '2024-12-31', 7000.00, 250, 'entreprise', 'actif', 'Acces illimite aux prestations et evenements'),
(16, '2024-03-15', '2024-12-31', 2000.00, 30, 'standard', 'actif', 'Acces aux prestations de base'),
(17, '2024-02-10', '2024-12-31', 4800.00, 130, 'premium', 'actif', 'Acces a toutes les prestations premium'),
(18, '2024-01-25', '2024-12-31', 3000.00, 60, 'standard', 'actif', 'Acces aux prestations de base'),
(19, '2024-03-01', '2024-12-31', 5200.00, 140, 'premium', 'actif', 'Acces a toutes les prestations premium'),
(20, '2024-02-15', '2024-12-31', 6500.00, 180, 'entreprise', 'actif', 'Acces illimite aux prestations'),
(21, '2024-01-10', '2024-12-31', 2500.00, 45, 'standard', 'actif', 'Acces aux prestations de base'),
(22, '2024-03-05', '2024-12-31', 4000.00, 95, 'premium', 'actif', 'Acces a toutes les prestations premium'),
(23, '2024-02-01', '2024-12-31', 1700.00, 22, 'standard', 'en_attente', 'Acces aux prestations de base'),
(24, '2024-01-20', '2024-12-31', 3300.00, 70, 'standard', 'actif', 'Acces aux prestations de base'),
(25, '2024-03-10', '2024-12-31', 5800.00, 160, 'entreprise', 'actif', 'Acces illimite aux prestations'),
(26, '2024-02-05', '2024-12-31', 2300.00, 35, 'standard', 'actif', 'Acces aux prestations de base'),
(27, '2024-01-15', '2024-12-31', 4300.00, 110, 'premium', 'actif', 'Acces a toutes les prestations premium'),
(28, '2024-03-01', '2024-12-31', 1900.00, 28, 'standard', 'actif', 'Acces aux prestations de base');


INSERT INTO devis (entreprise_id, date_creation, date_validite, montant_total, montant_ht, tva, statut, conditions_paiement, delai_paiement) VALUES
(1, '2024-01-15', '2024-02-15', 1500.00, 1250.00, 20.00, 'accepte', 'Paiement a 30 jours', 30),
(2, '2024-02-01', '2024-03-01', 2000.00, 1666.67, 20.00, 'en_attente', 'Paiement a 45 jours', 45),
(3, '2024-02-15', '2024-03-15', 1800.00, 1500.00, 20.00, 'refuse', 'Paiement a 30 jours', 30),
(4, '2024-01-10', '2024-02-10', 3200.00, 2666.67, 20.00, 'accepte', 'Paiement a 15 jours', 15),
(5, '2024-02-20', '2024-03-20', 2500.00, 2083.33, 20.00, 'en_attente', 'Paiement a 30 jours', 30),
(6, '2024-01-25', '2024-02-25', 1750.00, 1458.33, 20.00, 'accepte', 'Paiement a 45 jours', 45),
(7, '2024-03-01', '2024-04-01', 4000.00, 3333.33, 20.00, 'en_attente', 'Paiement a 30 jours', 30),
(8, '2024-02-10', '2024-03-10', 2200.00, 1833.33, 20.00, 'accepte', 'Paiement a 15 jours', 15),
(9, '2024-01-05', '2024-02-05', 3500.00, 2916.67, 20.00, 'refuse', 'Paiement a 30 jours', 30),
(10, '2024-03-10', '2024-04-10', 1900.00, 1583.33, 20.00, 'en_attente', 'Paiement a 45 jours', 45),
(11, '2024-02-15', '2024-03-15', 2800.00, 2333.33, 20.00, 'accepte', 'Paiement a 30 jours', 30),
(12, '2024-01-20', '2024-02-20', 3100.00, 2583.33, 20.00, 'accepte', 'Paiement a 15 jours', 15),
(13, '2024-03-05', '2024-04-05', 2300.00, 1916.67, 20.00, 'en_attente', 'Paiement a 30 jours', 30),
(14, '2024-02-25', '2024-03-25', 1600.00, 1333.33, 20.00, 'refuse', 'Paiement a 45 jours', 45),
(15, '2024-01-15', '2024-02-15', 4200.00, 3500.00, 20.00, 'accepte', 'Paiement a 30 jours', 30),
(16, '2024-03-15', '2024-04-15', 2700.00, 2250.00, 20.00, 'en_attente', 'Paiement a 15 jours', 15),
(17, '2024-02-05', '2024-03-05', 3300.00, 2750.00, 20.00, 'accepte', 'Paiement a 30 jours', 30),
(18, '2024-01-30', '2024-02-28', 1850.00, 1541.67, 20.00, 'accepte', 'Paiement a 45 jours', 45),
(19, '2024-03-20', '2024-04-20', 2900.00, 2416.67, 20.00, 'en_attente', 'Paiement a 30 jours', 30),
(20, '2024-02-12', '2024-03-12', 3700.00, 3083.33, 20.00, 'accepte', 'Paiement a 15 jours', 15),
(21, '2024-01-08', '2024-02-08', 2100.00, 1750.00, 20.00, 'refuse', 'Paiement a 30 jours', 30),
(22, '2024-03-25', '2024-04-25', 4500.00, 3750.00, 20.00, 'en_attente', 'Paiement a 45 jours', 45),
(23, '2024-02-18', '2024-03-18', 1950.00, 1625.00, 20.00, 'accepte', 'Paiement a 30 jours', 30),
(24, '2024-01-22', '2024-02-22', 2600.00, 2166.67, 20.00, 'accepte', 'Paiement a 15 jours', 15),
(25, '2024-03-08', '2024-04-08', 3900.00, 3250.00, 20.00, 'en_attente', 'Paiement a 30 jours', 30),
(26, '2024-02-28', '2024-03-28', 2400.00, 2000.00, 20.00, 'accepte', 'Paiement a 45 jours', 45),
(27, '2024-01-18', '2024-02-18', 3000.00, 2500.00, 20.00, 'refuse', 'Paiement a 30 jours', 30),
(28, '2024-03-12', '2024-04-12', 1700.00, 1416.67, 20.00, 'en_attente', 'Paiement a 15 jours', 15);

INSERT INTO factures (entreprise_id, devis_id, numero_facture, date_emission, date_echeance, montant_total, montant_ht, tva, statut, mode_paiement) VALUES
(1, 1, 'FACT-2024-001', '2024-01-20', '2024-02-20', 1500.00, 1250.00, 20.00, 'payee', 'virement'),
(2, 2, 'FACT-2024-002', '2024-02-05', '2024-03-05', 2000.00, 1666.67, 20.00, 'en_attente', 'virement'),
(4, 4, 'FACT-2024-003', '2024-02-20', '2024-03-20', 3200.00, 2666.67, 20.00, 'payee', 'carte'),
(5, 5, 'FACT-2024-004', '2024-03-01', '2024-04-01', 2500.00, 2083.33, 20.00, 'en_attente', 'virement'),
(6, 6, 'FACT-2024-005', '2024-02-10', '2024-03-10', 1750.00, 1458.33, 20.00, 'payee', 'virement'),
(7, 7, 'FACT-2024-006', '2024-03-15', '2024-04-15', 4000.00, 3333.33, 20.00, 'en_attente', 'virement'),
(8, 8, 'FACT-2024-007', '2024-02-25', '2024-03-25', 2200.00, 1833.33, 20.00, 'payee', 'carte'),
(9, 9, 'FACT-2024-008', '2024-01-25', '2024-02-25', 3500.00, 2916.67, 20.00, 'annulee', 'virement'),
(10, 10, 'FACT-2024-009', '2024-03-20', '2024-04-20', 1900.00, 1583.33, 20.00, 'en_attente', 'virement'),
(11, 11, 'FACT-2024-010', '2024-02-28', '2024-03-28', 2800.00, 2333.33, 20.00, 'payee', 'carte'),
(12, 12, 'FACT-2024-011', '2024-02-05', '2024-03-05', 3100.00, 2583.33, 20.00, 'payee', 'virement'),
(13, 13, 'FACT-2024-012', '2024-03-15', '2024-04-15', 2300.00, 1916.67, 20.00, 'en_attente', 'virement'),
(14, 14, 'FACT-2024-013', '2024-03-05', '2024-04-05', 1600.00, 1333.33, 20.00, 'annulee', 'virement'),
(15, 15, 'FACT-2024-014', '2024-02-01', '2024-03-01', 4200.00, 3500.00, 20.00, 'payee', 'carte'),
(16, 16, 'FACT-2024-015', '2024-03-25', '2024-04-25', 2700.00, 2250.00, 20.00, 'en_attente', 'virement'),
(17, 17, 'FACT-2024-016', '2024-02-15', '2024-03-15', 3300.00, 2750.00, 20.00, 'payee', 'virement'),
(18, 18, 'FACT-2024-017', '2024-02-10', '2024-03-10', 1850.00, 1541.67, 20.00, 'payee', 'virement'),
(19, 19, 'FACT-2024-018', '2024-03-30', '2024-04-30', 2900.00, 2416.67, 20.00, 'en_attente', 'carte'),
(20, 20, 'FACT-2024-019', '2024-02-22', '2024-03-22', 3700.00, 3083.33, 20.00, 'payee', 'virement'),
(21, 21, 'FACT-2024-020', '2024-01-18', '2024-02-18', 2100.00, 1750.00, 20.00, 'annulee', 'virement'),
(22, 22, 'FACT-2024-021', '2024-04-05', '2024-05-05', 4500.00, 3750.00, 20.00, 'en_attente', 'virement'),
(23, 23, 'FACT-2024-022', '2024-03-01', '2024-04-01', 1950.00, 1625.00, 20.00, 'payee', 'carte'),
(24, 24, 'FACT-2024-023', '2024-02-05', '2024-03-05', 2600.00, 2166.67, 20.00, 'payee', 'virement'),
(25, 25, 'FACT-2024-024', '2024-03-18', '2024-04-18', 3900.00, 3250.00, 20.00, 'en_attente', 'virement'),
(26, 26, 'FACT-2024-025', '2024-03-10', '2024-04-10', 2400.00, 2000.00, 20.00, 'payee', 'carte'),
(27, 27, 'FACT-2024-026', '2024-02-01', '2024-03-01', 3000.00, 2500.00, 20.00, 'annulee', 'virement'),
(28, 28, 'FACT-2024-027', '2024-03-22', '2024-04-22', 1700.00, 1416.67, 20.00, 'en_attente', 'virement');

INSERT INTO rendez_vous (personne_id, prestation_id, date_rdv, duree, lieu, type_rdv, statut, notes) VALUES
(1, 1, '2024-03-20 10:00:00', 45, 'Cabinet 101', 'presentiel', 'planifie', 'Premiere consultation'),
(2, 2, '2024-03-21 14:00:00', 60, 'Salle de yoga', 'presentiel', 'confirme', 'Seance de groupe'),
(3, 3, '2024-03-22 15:00:00', 90, 'En ligne', 'visio', 'planifie', 'Webinar en groupe'),
(4, 4, '2024-03-23 09:30:00', 60, 'Bureau 202', 'presentiel', 'confirme', 'Suivi mensuel'),
(5, 5, '2024-03-24 11:00:00', 45, 'Salle de reunion', 'presentiel', 'planifie', 'Bilan trimestriel'),
(6, 6, '2024-03-25 13:30:00', 30, 'En ligne', 'visio', 'confirme', 'Consultation rapide'),
(7, 7, '2024-03-26 15:00:00', 90, 'Salle de sport', 'presentiel', 'planifie', 'Evaluation physique'),
(8, 8, '2024-03-27 10:00:00', 60, 'En ligne', 'visio', 'confirme', 'Session de coaching'),
(9, 9, '2024-03-28 14:00:00', 45, 'Cabinet 103', 'presentiel', 'annule', 'Annule par le client'),
(10, 10, '2024-03-29 16:30:00', 60, 'Salle de conference', 'presentiel', 'planifie', 'Presentation de projet'),
(11, 11, '2024-03-30 09:00:00', 120, 'En ligne', 'visio', 'confirme', 'Formation complete'),
(12, 12, '2024-03-31 11:30:00', 45, 'Bureau 305', 'presentiel', 'planifie', 'Consultation initiale'),
(13, 13, '2024-04-01 13:00:00', 60, 'En ligne', 'visio', 'confirme', 'Suivi hebdomadaire'),
(14, 14, '2024-04-02 15:30:00', 90, 'Salle de meditation', 'presentiel', 'planifie', 'Seance de groupe'),
(15, 15, '2024-04-03 10:00:00', 60, 'Cabinet 201', 'presentiel', 'confirme', 'Bilan sante'),
(16, 16, '2024-04-04 14:00:00', 45, 'En ligne', 'visio', 'planifie', 'Consultation rapide'),
(17, 17, '2024-04-05 16:00:00', 60, 'Salle de reunion', 'presentiel', 'confirme', 'Reunion strategique'),
(18, 18, '2024-04-06 09:30:00', 30, 'En ligne', 'visio', 'planifie', 'Point rapide'),
(19, 19, '2024-04-07 11:00:00', 90, 'Gymnase', 'presentiel', 'confirme', 'Entrainement collectif'),
(20, 20, '2024-04-08 13:30:00', 60, 'Cabinet 105', 'presentiel', 'planifie', 'Suivi mensuel'),
(21, 21, '2024-04-09 15:00:00', 45, 'En ligne', 'visio', 'annule', 'Probleme technique'),
(22, 22, '2024-04-10 10:30:00', 60, 'Salle de conference', 'presentiel', 'confirme', 'Presentation resultats'),
(23, 23, '2024-04-11 14:00:00', 120, 'En ligne', 'visio', 'planifie', 'Formation approfondie'),
(24, 24, '2024-04-12 16:30:00', 45, 'Bureau 401', 'presentiel', 'confirme', 'Consultation de suivi'),
(25, 25, '2024-04-13 09:00:00', 60, 'En ligne', 'visio', 'planifie', 'Session de coaching'),
(26, 26, '2024-04-14 11:30:00', 90, 'Salle polyvalente', 'presentiel', 'confirme', 'Atelier pratique'),
(27, 27, '2024-04-15 13:00:00', 60, 'Cabinet 107', 'presentiel', 'planifie', 'Premiere consultation'),
(28, 28, '2024-04-16 15:30:00', 45, 'En ligne', 'visio', 'confirme', 'Suivi hebdomadaire');


INSERT INTO evenements (titre, description, date_debut, date_fin, lieu, type, capacite_max, niveau_difficulte, materiel_necessaire, prerequis) VALUES
('Conference sur le Bien-etre au Travail', 'Une conference interactive sur les bonnes pratiques', '2024-04-01 09:00:00', '2024-04-01 11:00:00', 'Salle de Conference Paris', 'conference', 100, 'intermediaire', 'Aucun', 'Aucun'),
('Webinar Gestion du Stress', 'Formation en ligne sur la gestion du stress', '2024-04-15 14:00:00', '2024-04-15 15:30:00', 'En ligne', 'webinar', 50, 'debutant', 'Ordinateur, connexion internet', 'Aucun'),
('Atelier Ergonomie au Bureau', 'Apprenez a amenager votre espace de travail', '2024-04-20 10:00:00', '2024-04-20 12:00:00', 'Centre d''affaires Lyon', 'atelier', 30, 'debutant', 'Aucun', 'Aucun'),
('Seminaire Leadership Bienveillant', 'Developper un leadership positif et efficace', '2024-05-05 09:00:00', '2024-05-06 17:00:00', 'Hotel Mercure Bordeaux', 'atelier', 40, 'avance', 'Carnet de notes', 'Experience en management'),
('Journee Detox Digitale', 'Une journee pour apprendre a se deconnecter', '2024-05-10 09:00:00', '2024-05-10 17:00:00', 'Espace Zen Marseille', 'atelier', 25, 'debutant', 'Tenue confortable', 'Aucun'),
('Formation Premiers Secours', 'Apprenez les gestes qui sauvent', '2024-05-15 09:00:00', '2024-05-16 17:00:00', 'Centre de formation Lille', 'atelier', 20, 'debutant', 'Tenue confortable', 'Aucun'),
('Conference Nutrition et Performance', 'Optimiser son alimentation pour ameliorer ses performances', '2024-05-20 14:00:00', '2024-05-20 17:00:00', 'Faculte des Sciences du Sport Toulouse', 'conference', 80, 'intermediaire', 'Aucun', 'Aucun'),
('Atelier Gestion du Temps', 'Techniques efficaces pour mieux gerer son temps', '2024-05-25 09:30:00', '2024-05-25 12:30:00', 'Espace Coworking Nantes', 'atelier', 35, 'debutant', 'Agenda personnel', 'Aucun'),
('Webinar Intelligence Emotionnelle', 'Developper son intelligence emotionnelle au travail', '2024-06-01 14:00:00', '2024-06-01 16:00:00', 'En ligne', 'webinar', 100, 'intermediaire', 'Ordinateur, connexion internet', 'Aucun'),
('Retraite Mindfulness', 'Weekend de pleine conscience et meditation', '2024-06-10 18:00:00', '2024-06-12 14:00:00', 'Domaine de la Foret Verte', 'atelier', 15, 'debutant', 'Tapis de yoga, tenue confortable', 'Aucun'),
('Seminaire Gestion de Crise', 'Preparez votre entreprise aux situations difficiles', '2024-06-15 09:00:00', '2024-06-16 17:00:00', 'Centre de congres Strasbourg', 'atelier', 50, 'avance', 'Ordinateur portable', 'Experience en management'),
('Atelier Communication Non-Violente', 'Techniques de communication bienveillante', '2024-06-20 14:00:00', '2024-06-20 17:00:00', 'Maison des Associations Paris', 'atelier', 25, 'intermediaire', 'Carnet de notes', 'Aucun'),
('Conference Sommeil et Recuperation', 'Les secrets d''un sommeil reparateur', '2024-06-25 18:30:00', '2024-06-25 20:30:00', 'Faculte de Medecine Lyon', 'conference', 120, 'debutant', 'Aucun', 'Aucun'),
('Formation Management Hybride', 'Gerer efficacement des equipes a distance', '2024-07-01 09:00:00', '2024-07-02 17:00:00', 'Business School Bordeaux', 'atelier', 30, 'avance', 'Ordinateur portable', 'Experience en management'),
('Webinar Cybersecurite', 'Protegez votre entreprise des menaces numeriques', '2024-07-10 14:00:00', '2024-07-10 16:00:00', 'En ligne', 'webinar', 80, 'intermediaire', 'Ordinateur, connexion internet', 'Connaissances informatiques de base'),
('Journee Bien-etre en Entreprise', 'Ateliers varies pour le bien-etre des collaborateurs', '2024-07-15 09:00:00', '2024-07-15 17:00:00', 'Siege social Marseille', 'atelier', 60, 'debutant', 'Tenue confortable', 'Aucun'),
('Atelier Gestion du Stress', 'Techniques de relaxation et gestion du stress', '2024-07-20 10:00:00', '2024-07-20 12:00:00', 'Centre de bien-etre Lille', 'atelier', 20, 'debutant', 'Tapis de yoga', 'Aucun'),
('Conference Diversite et Inclusion', 'Creer un environnement de travail inclusif', '2024-07-25 14:00:00', '2024-07-25 17:00:00', 'Centre culturel Toulouse', 'conference', 90, 'intermediaire', 'Aucun', 'Aucun'),
('Formation Secourisme Mental', 'Premiers secours en sante mentale', '2024-08-01 09:00:00', '2024-08-02 17:00:00', 'Centre medical Nantes', 'atelier', 25, 'intermediaire', 'Carnet de notes', 'Aucun'),
('Webinar Equilibre Vie Pro-Perso', 'Strategies pour un meilleur equilibre', '2024-08-10 12:30:00', '2024-08-10 13:30:00', 'En ligne', 'webinar', 150, 'debutant', 'Ordinateur, connexion internet', 'Aucun'),
('Seminaire Innovation et Creativite', 'Stimuler l''innovation dans votre organisation', '2024-08-15 09:00:00', '2024-08-16 17:00:00', 'Incubateur Paris', 'atelier', 40, 'avance', 'Ordinateur portable', 'Experience professionnelle'),
('Atelier Nutrition au Bureau', 'Manger sainement meme au travail', '2024-08-20 12:00:00', '2024-08-20 14:00:00', 'Restaurant d''entreprise Lyon', 'atelier', 30, 'debutant', 'Aucun', 'Aucun'),
('Conference Environnement de Travail', 'Creer des espaces de travail sains et productifs', '2024-08-25 14:00:00', '2024-08-25 16:00:00', 'Ecole d''architecture Bordeaux', 'conference', 70, 'intermediaire', 'Aucun', 'Aucun'),
('Formation Gestion de Projet Agile', 'Methodologies agiles pour vos projets', '2024-09-01 09:00:00', '2024-09-02 17:00:00', 'Centre de formation Marseille', 'atelier', 25, 'avance', 'Ordinateur portable', 'Experience en gestion de projet'),
('Webinar Sante Financiere', 'Gerer son budget et preparer sa retraite', '2024-09-10 18:00:00', '2024-09-10 19:30:00', 'En ligne', 'webinar', 100, 'debutant', 'Ordinateur, connexion internet', 'Aucun'),
('Journee Prevention Sante', 'Depistages et ateliers de prevention', '2024-09-15 09:00:00', '2024-09-15 17:00:00', 'Centre medical Lille', 'atelier', 80, 'debutant', 'Aucun', 'Aucun'),
('Atelier Posture et Mouvement', 'Ameliorer sa posture au quotidien', '2024-09-20 10:00:00', '2024-09-20 12:00:00', 'Studio de kinesitherapie Toulouse', 'atelier', 15, 'debutant', 'Tenue confortable', 'Aucun');


INSERT INTO communautes (nom, description, type, niveau, capacite_max) VALUES
('Yoga & Meditation', 'Groupe de pratique du yoga et de la meditation', 'bien_etre', 'debutant', 20),
('Running Club', 'Club de course a pied pour tous niveaux', 'sport', 'intermediaire', 30),
('Nutrition & Sante', 'Groupe d''echange sur la nutrition et la sante', 'sante', 'intermediaire', 25),
('Mindfulness au Travail', 'Groupe de pratique de la pleine conscience en milieu professionnel', 'bien_etre', 'debutant', 30),
('Club de Lecture Sante', 'Discussions autour de livres sur la sante et le bien-etre', 'education', 'intermediaire', 15),
('Entrepreneurs Zen', 'Communaute d''entrepreneurs pratiquant la meditation', 'bien_etre', 'avance', 20),
('Velo Urbain', 'Groupe de cyclistes urbains pour trajets domicile-travail', 'sport', 'intermediaire', 25),
('Cuisine Saine', 'Partage de recettes et astuces pour manger sainement', 'nutrition', 'debutant', 30),
('Randonneurs du Weekend', 'Organisation de randonnees le weekend', 'sport', 'intermediaire', 40),
('Sommeil & Recuperation', 'Groupe d''echange sur l''amelioration du sommeil', 'sante', 'debutant', 25),
('Ergonomie & Posture', 'Conseils et exercices pour une bonne posture au travail', 'sante', 'intermediaire', 20),
('Natation Therapeutique', 'Groupe de natation axe sur la sante', 'sport', 'intermediaire', 15),
('Gestion du Stress', 'Techniques et partage d''experiences sur la gestion du stress', 'bien_etre', 'debutant', 30),
('Parents Actifs', 'Communaute de parents cherchant l''equilibre vie pro-perso', 'bien_etre', 'intermediaire', 25),
('Pilates en Entreprise', 'Groupe de pratique du pilates entre collegues', 'sport', 'debutant', 20),
('Nutrition Sportive', 'Conseils nutritionnels pour sportifs', 'nutrition', 'avance', 25),
('Detox Digitale', 'Groupe d''entraide pour reduire la dependance aux ecrans', 'bien_etre', 'debutant', 30),
('Marche Nordique', 'Pratique de la marche nordique en groupe', 'sport', 'intermediaire', 20),
('Jardinage Therapeutique', 'Bienfaits du jardinage sur la sante mentale', 'bien_etre', 'debutant', 15),
('Tai Chi Matinal', 'Pratique du tai chi avant le travail', 'bien_etre', 'intermediaire', 20),
('Cyclisme de Montagne', 'Sorties VTT le weekend', 'sport', 'avance', 15),
('Alimentation Anti-Inflammatoire', 'Groupe d''echange sur l''alimentation anti-inflammatoire', 'nutrition', 'intermediaire', 25),
('Meditation Pleine Conscience', 'Pratique reguliere de la meditation', 'bien_etre', 'intermediaire', 30),
('Danse Therapeutique', 'Expression corporelle et bien-etre par la danse', 'bien_etre', 'debutant', 20),
('Entrepreneurs Sportifs', 'Reseau d''entrepreneurs pratiquant le sport', 'sport', 'intermediaire', 25),
('Nutrition Intuitive', 'Approche de l''alimentation basee sur les sensations', 'nutrition', 'debutant', 20),
('Yoga sur Chaise', 'Pratique du yoga adaptee au bureau', 'bien_etre', 'debutant', 30),
('Respiration & Energie', 'Techniques de respiration pour augmenter son energie', 'bien_etre', 'intermediaire', 25);

INSERT INTO dons (personne_id, montant, type, description, date_don, statut) VALUES
(1, 50.00, 'financier', 'Don pour le programme de bien-etre', '2024-03-01', 'valide'),
(2, NULL, 'materiel', 'Don de materiel informatique', '2024-03-15', 'en_attente'),
(3, 100.00, 'financier', 'Soutien au programme de sante mentale', '2024-03-20', 'valide'),
(4, 75.00, 'financier', 'Don pour les ateliers de bien-etre', '2024-03-25', 'valide'),
(5, NULL, 'materiel', 'Don de mobilier ergonomique', '2024-04-01', 'valide'),
(6, 200.00, 'financier', 'Contribution aux programmes de formation', '2024-04-05', 'valide'),
(7, NULL, 'materiel', 'Don d''equipements sportifs', '2024-04-10', 'en_attente'),
(8, 150.00, 'financier', 'Soutien aux communautes de bien-etre', '2024-04-15', 'valide'),
(9, 50.00, 'financier', 'Don pour les evenements de nutrition', '2024-04-20', 'valide'),
(10, NULL, 'materiel', 'Don de livres sur la sante', '2024-04-25', 'valide'),
(11, 300.00, 'financier', 'Financement d''ateliers de gestion du stress', '2024-05-01', 'valide'),
(12, 125.00, 'financier', 'Contribution aux programmes de prevention', '2024-05-05', 'valide'),
(13, NULL, 'materiel', 'Don de materiel de yoga', '2024-05-10', 'en_attente'),
(14, 80.00, 'financier', 'Soutien aux activites sportives', '2024-05-15', 'valide'),
(15, 250.00, 'financier', 'Don pour les conferences de sante', '2024-05-20', 'valide'),
(16, NULL, 'materiel', 'Don d''equipements de meditation', '2024-05-25', 'valide'),
(17, 175.00, 'financier', 'Contribution aux programmes de nutrition', '2024-06-01', 'valide'),
(18, 90.00, 'financier', 'Soutien aux ateliers de sommeil', '2024-06-05', 'valide'),
(19, NULL, 'materiel', 'Don de materiel ergonomique', '2024-06-10', 'en_attente'),
(20, 120.00, 'financier', 'Financement de webinars sur la sante', '2024-06-15', 'valide'),
(21, 200.00, 'financier', 'Don pour les programmes de bien-etre', '2024-06-20', 'valide'),
(22, NULL, 'materiel', 'Don d''equipements de fitness', '2024-06-25', 'valide'),
(23, 150.00, 'financier', 'Contribution aux communautes sportives', '2024-07-01', 'valide'),
(24, 100.00, 'financier', 'Soutien aux ateliers de pleine conscience', '2024-07-05', 'valide'),
(25, NULL, 'materiel', 'Don de livres sur le bien-etre', '2024-07-10', 'en_attente'),
(26, 180.00, 'financier', 'Financement d''activites de team building', '2024-07-15', 'valide'),
(27, 95.00, 'financier', 'Don pour les programmes de sante mentale', '2024-07-20', 'valide');

INSERT INTO evaluations (personne_id, prestation_id, note, commentaire, date_evaluation) VALUES
(1, 1, 5, 'Excellent service, tres professionnel', '2024-03-10'),
(2, 2, 4, 'Tres bonne seance, a recommander', '2024-03-12'),
(3, 3, 5, 'Formation tres enrichissante', '2024-03-15'),
(4, 4, 4, 'Atelier tres instructif et bien organise', '2024-03-18'),
(5, 5, 5, 'Excellente consultation, tres a l''ecoute', '2024-03-20'),
(6, 6, 3, 'Service correct mais peut etre ameliore', '2024-03-22'),
(7, 7, 5, 'Tres satisfait de cette prestation', '2024-03-25'),
(8, 8, 4, 'Bonne experience globale', '2024-03-28'),
(9, 9, 5, 'Intervenant tres competent et pedagogique', '2024-04-01'),
(10, 10, 4, 'Contenu de qualite et bien presente', '2024-04-03'),
(11, 11, 3, 'Prestation moyenne, quelques points a ameliorer', '2024-04-05'),
(12, 12, 5, 'Excellent accompagnement personnalise', '2024-04-08'),
(13, 13, 4, 'Tres bonne prestation, conforme a mes attentes', '2024-04-10'),
(14, 14, 5, 'Service exceptionnel, je recommande vivement', '2024-04-12'),
(15, 15, 4, 'Tres satisfait de l''intervention', '2024-04-15'),
(16, 16, 3, 'Prestation correcte mais delais un peu longs', '2024-04-18'),
(17, 17, 5, 'Excellent suivi et resultats probants', '2024-04-20'),
(18, 18, 4, 'Tres bonne qualite de service', '2024-04-22'),
(19, 19, 5, 'Prestation parfaite a tous points de vue', '2024-04-25'),
(20, 20, 4, 'Tres satisfait de cette formation', '2024-04-28'),
(21, 21, 3, 'Service acceptable mais manque de personnalisation', '2024-05-01'),
(22, 22, 5, 'Excellente prestation, tres professionnel', '2024-05-03'),
(23, 23, 4, 'Tres bon accompagnement, a la hauteur de mes attentes', '2024-05-05'),
(24, 24, 5, 'Service impeccable et tres efficace', '2024-05-08'),
(25, 25, 4, 'Tres bonne experience, je recommande', '2024-05-10'),
(26, 26, 5, 'Prestation de grande qualite', '2024-05-12'),
(27, 27, 4, 'Tres satisfait du service fourni', '2024-05-15'),
(28, 28, 5, 'Excellent rapport qualite-prix', '2024-05-18');

INSERT INTO notifications (personne_id, titre, message, type, lien, lu, date_lecture) VALUES
(1, 'Nouveau Rendez-vous', 'Votre rendez-vous a ete confirme', 'success', '/rendez-vous/1', false, NULL),
(2, 'Paiement Reçu', 'Votre paiement a ete reçu avec succes', 'success', '/factures/1', true, '2024-03-17 10:30:00'),
(3, 'Nouvel evenement', 'Un nouvel evenement est disponible', 'info', '/evenements/2', false, NULL),
(4, 'Rappel de rendez-vous', 'Votre rendez-vous est prevu demain', 'warning', '/rendez-vous/3', false, NULL),
(5, 'Nouvelle evaluation', 'Vous avez reçu une nouvelle evaluation', 'info', '/evaluations/5', true, '2024-03-25 14:45:00'),
(6, 'Facture disponible', 'Votre facture est disponible', 'info', '/factures/6', false, NULL),
(7, 'Modification de rendez-vous', 'Votre rendez-vous a ete modifie', 'warning', '/rendez-vous/7', true, '2024-04-02 09:15:00'),
(8, 'Nouveau message', 'Vous avez reçu un nouveau message', 'info', '/messages/8', false, NULL),
(9, 'Confirmation d\'inscription', 'Votre inscription a ete confirmee', 'success', '/evenements/9', true, '2024-04-10 16:20:00'),
(10, 'Rappel de paiement', 'Votre paiement est en attente', 'warning', '/factures/10', false, NULL),
(11, 'Nouvelle offre', 'Une nouvelle offre est disponible', 'info', '/offres/11', true, '2024-04-18 11:30:00'),
(12, 'Annulation de rendez-vous', 'Votre rendez-vous a ete annule', 'warning', '/rendez-vous/12', false, NULL),
(13, 'Mise a jour de profil', 'Votre profil a ete mis a jour', 'info', '/profil/13', true, '2024-04-25 15:45:00'),
(14, 'Nouveau contrat', 'Un nouveau contrat est disponible', 'success', '/contrats/14', false, NULL),
(15, 'Rappel d\'evenement', 'Rappel: evenement demain', 'warning', '/evenements/15', true, '2024-05-03 10:10:00'),
(16, 'Confirmation de don', 'Votre don a ete reçu', 'success', '/dons/16', false, NULL),
(17, 'Nouvelle communaute', 'Une nouvelle communaute a ete creee', 'info', '/communautes/17', true, '2024-05-12 14:25:00'),
(18, 'Expiration d\'abonnement', 'Votre abonnement expire bientot', 'warning', '/abonnements/18', false, NULL),
(19, 'Nouvelle prestation', 'Une nouvelle prestation est disponible', 'info', '/prestations/19', true, '2024-05-20 09:50:00'),
(20, 'Confirmation de devis', 'Votre devis a ete accepte', 'success', '/devis/20', false, NULL),
(21, 'Rappel de formation', 'Votre formation commence demain', 'warning', '/formations/21', true, '2024-05-28 16:15:00'),
(22, 'Nouvelle evaluation requise', 'Merci d\'evaluer votre derniere prestation', 'info', '/evaluations/new/22', false, NULL),
(23, 'Mise a jour systeme', 'Le systeme sera en maintenance', 'warning', '/maintenance/23', true, '2024-06-05 11:40:00'),
(24, 'Nouveau partenariat', 'Un nouveau partenariat a ete etabli', 'success', '/partenariats/24', false, NULL),
(25, 'Invitation a un evenement', 'Vous etes invite a un evenement', 'info', '/evenements/25', true, '2024-06-13 15:05:00'),
(26, 'Rappel de renouvellement', 'Votre contrat est a renouveler', 'warning', '/contrats/26', false, NULL),
(27, 'Nouvelle fonctionnalite', 'Decouvrez notre nouvelle fonctionnalite', 'info', '/fonctionnalites/27', true, '2024-06-20 10:30:00'),
(28, 'Confirmation de reservation', 'Votre reservation a ete confirmee', 'success', '/reservations/28', false, NULL);