-- source C:/MAMP/htdocs/Business-Care/database/seeders/sample_data.sql

USE business_care;

SET FOREIGN_KEY_CHECKS = 0;
TRUNCATE TABLE logs;
TRUNCATE TABLE notifications;
TRUNCATE TABLE evaluations;
TRUNCATE TABLE dons;
TRUNCATE TABLE communautes;
TRUNCATE TABLE evenements;
TRUNCATE TABLE rendez_vous;
TRUNCATE TABLE factures;
TRUNCATE TABLE devis;
TRUNCATE TABLE contrats;
TRUNCATE TABLE preferences_utilisateurs;
TRUNCATE TABLE remember_me_tokens;
TRUNCATE TABLE personnes;
TRUNCATE TABLE prestations;
TRUNCATE TABLE entreprises; 
TRUNCATE TABLE roles;
TRUNCATE TABLE contrats_prestations;
SET FOREIGN_KEY_CHECKS = 1;

INSERT INTO roles (nom, description) VALUES
('admin', 'Administrateur systeme'),
('salarie', 'Salarie d''une entreprise'),
('prestataire', 'Prestataire de services'),
('entreprise', 'Entreprise cliente');

INSERT INTO entreprises (nom, siret, adresse, code_postal, ville, telephone, email, site_web, logo_url, taille_entreprise, secteur_activite, date_creation) VALUES
('Tech Solutions SA', '12345678901234', '123 Rue de l''Innovation', '75001', 'Paris', '01 23 45 67 89', 'contact@techsolutions.fr', 'www.techsolutions.fr', '/logos/techsolutions.png', '51-200', 'Technologie', '2020-01-15'),
('Sante Plus', '98765432109876', '456 Avenue de la Sante', '75002', 'Paris', '01 98 76 54 32', 'contact@santeplus.fr', 'www.santeplus.fr', '/logos/santeplus.png', '201-500', 'Sante', '2019-06-20'),
('Bien-etre Corp', '45678901234567', '789 Boulevard du Bien-etre', '75003', 'Paris', '01 45 67 89 01', 'contact@bienetrecorp.fr', 'www.bienetrecorp.fr', '/logos/bienetrecorp.png', '11-50', 'Bien-etre', '2021-03-10'),
('Eco Habitat', '23456789012345', '12 Rue Verte', '69001', 'Lyon', '04 56 78 90 12', 'contact@ecohabitat.fr', 'www.ecohabitat.fr', '/logos/ecohabitat.png', '11-50', 'Construction durable', '2018-09-05'),
('Finance Conseil', '34567890123456', '45 Avenue des Finances', '33000', 'Bordeaux', '05 67 89 01 23', 'info@financeconseil.fr', 'www.financeconseil.fr', '/logos/financeconseil.png', '11-50', 'Finance', '2017-11-12'),
('Innovation Digitale', '56789012345678', '78 Rue du Digital', '75004', 'Paris', '01 34 56 78 90', 'contact@innovationdigitale.fr', 'www.innovationdigitale.fr', '/logos/innovationdigitale.png', '51-200', 'Technologie', '2022-01-10'),
('Sante Pro', '67890123456789', '90 Boulevard de la Sante', '75005', 'Paris', '01 56 78 90 12', 'contact@santepro.fr', 'www.santepro.fr', '/logos/santepro.png', '201-500', 'Sante', '2021-06-15'),
('Bien-etre Plus', '78901234567890', '12 Avenue du Bien-etre', '75006', 'Paris', '01 67 89 01 23', 'contact@bienetreplus.fr', 'www.bienetreplus.fr', '/logos/bienetreplus.png', '11-50', 'Bien-etre', '2022-03-20'),
('Eco Solutions', '89012345678901', '34 Rue de l\'Ecologie', '69002', 'Lyon', '04 67 89 01 23', 'contact@ecosolutions.fr', 'www.ecosolutions.fr', '/logos/ecosolutions.png', '11-50', 'Construction durable', '2021-09-25'),
('Finance Plus', '90123456789012', '56 Boulevard des Finances', '33001', 'Bordeaux', '05 78 90 12 34', 'info@financeplus.fr', 'www.financeplus.fr', '/logos/financeplus.png', '11-50', 'Finance', '2022-02-15'),
('GastroNomie SARL', '11223344556677', '1 Place du Marché', '75010', 'Paris', '01 11 22 33 44', 'contact@gastronomie.fr', 'www.gastronomie.fr', '/logos/gastronomie.png', '11-50', 'Restauration', '2019-05-10'),
('Logistique Express', '22334455667788', '5 Zone Industrielle', '93200', 'Saint-Denis', '01 22 33 44 55', 'log@logexpress.com', 'www.logexpress.com', '/logos/logexpress.png', '51-200', 'Transport', '2017-01-30'),
('Marketing Vision', '33445566778899', '100 Avenue Champs Elysées', '75008', 'Paris', '01 33 44 55 66', 'contact@marketingvision.agency', 'www.marketingvision.agency', '/logos/marketingvision.png', '11-50', 'Marketing', '2023-01-01'),
('Auto Repar SARL', '44556677889900', '50 Rue des Garages', '92100', 'Boulogne-Billancourt', '01 44 55 66 77', 'garage@autorepar.fr', 'www.autorepar.fr', '/logos/autorepar.png', '1-10', 'Automobile', '2015-07-20'),
('Immo Invest', '55667788990011', '25 Boulevard Haussmann', '75009', 'Paris', '01 55 66 77 88', 'contact@immoinvest.com', 'www.immoinvest.com', '/logos/immoinvest.png', '11-50', 'Immobilier', '2016-04-11'),
('Mode Chic Boutique', '66778899001122', '5 Rue du Faubourg Saint-Honoré', '75008', 'Paris', '01 66 77 88 99', 'boutique@modechic.fr', 'www.modechic.fr', '/logos/modechic.png', '1-10', 'Mode', '2020-11-11'),
('Formation Pro Plus', '77889900112233', '30 Avenue de la Formation', '69003', 'Lyon', '04 77 88 99 00', 'info@formationpro.com', 'www.formationpro.com', '/logos/formationpro.png', '11-50', 'Formation', '2019-02-28'),
('Sport Intense', '88990011223344', '15 Rue du Stade', '33000', 'Bordeaux', '05 88 99 00 11', 'contact@sportintense.fr', 'www.sportintense.fr', '/logos/sportintense.png', '1-10', 'Sport', '2021-08-15'),
('Voyages Horizon', '99001122334455', '20 Place du Voyage', '75015', 'Paris', '01 99 00 11 22', 'info@voyageshorizon.com', 'www.voyageshorizon.com', '/logos/voyageshorizon.png', '11-50', 'Tourisme', '2018-03-03'),
('Culture Partage', '10102020303040', '10 Rue des Arts', '75006', 'Paris', '01 10 10 20 20', 'contact@culturepartage.org', 'www.culturepartage.org', '/logos/culturepartage.png', '1-10', 'Culture', '2022-06-30'),
('Green Energy Solutions', '20203030404050', '55 Avenue Verte', '75011', 'Paris', '01 20 20 30 30', 'ges@greenenergy.com', 'www.greenenergy.com', '/logos/greenenergy.png', '51-200', 'Energie', '2019-09-01'),
('Pharma Discovery', '30304040505060', '88 Rue Pasteur', '69007', 'Lyon', '04 30 30 40 40', 'contact@pharmadiscovery.fr', 'www.pharmadiscovery.fr', '/logos/pharmadiscovery.png', '201-500', 'Pharmaceutique', '2016-12-10'),
('Digital Flow Agency', '40405050606070', '111 Rue du Numerique', '33000', 'Bordeaux', '05 40 40 50 50', 'hello@digitalflow.agency', 'www.digitalflow.agency', '/logos/digitalflow.png', '11-50', 'Marketing', '2023-05-15'),
('Bio Food Market', '50506060707080', '22 Place Bio', '75013', 'Paris', '01 50 50 60 60', 'info@biofoodmarket.fr', 'www.biofoodmarket.fr', '/logos/biofoodmarket.png', '1-10', 'Alimentation', '2020-04-22'),
('Kids Playzone', '60607070808090', '7 Parc des Enfants', '92200', 'Neuilly-sur-Seine', '01 60 60 70 70', 'contact@kidsplayzone.fr', 'www.kidsplayzone.fr', '/logos/kidsplayzone.png', '11-50', 'Loisirs', '2018-11-01'),
('Legal Experts Associes', '70708080909000', '33 Boulevard Malesherbes', '75008', 'Paris', '01 70 70 80 80', 'contact@legalexperts.law', 'www.legalexperts.law', '/logos/legalexperts.png', '11-50', 'Juridique', '2015-02-18'),
('Creative Studio X', '80809090000011', '99 Rue de la Creation', '75018', 'Paris', '01 80 80 90 90', 'studio@creativex.com', 'www.creativex.com', '/logos/creativex.png', '1-10', 'Design', '2022-09-09'),
('Senior Care Services', '90900000111122', '15 Avenue des Seniors', '69006', 'Lyon', '04 90 90 00 00', 'info@seniorcare.fr', 'www.seniorcare.fr', '/logos/seniorcare.png', '51-200', 'Services à la personne', '2017-07-07'),
('Pet Paradise', '00001111222233', '40 Rue des Animaux', '33000', 'Bordeaux', '05 00 00 11 11', 'contact@petparadise.fr', 'www.petparadise.fr', '/logos/petparadise.png', '1-10', 'Animalerie', '2021-05-05'),
('Global Trading Co', '11112222333344', '1 World Trade Center', '92042', 'La Defense', '01 11 11 22 22', 'trading@globalco.com', 'www.globalco.com', '/logos/globalco.png', '500+', 'Commerce International', '2014-01-01');

INSERT INTO prestations (nom, description, prix, duree, type, categorie, niveau_difficulte, capacite_max, materiel_necessaire, prerequis) VALUES
('Consultation Psychologique', 'Seance individuelle de 45 minutes avec un psychologue qualifie', 80.00, 45, 'consultation', 'Sante mentale', NULL, 1, 'Aucun', 'Aucun'),
('Yoga en Entreprise', 'Seance de yoga adaptee au milieu professionnel', 120.00, 60, 'atelier', 'Bien-etre physique', 'debutant', 20, 'Tapis de yoga', 'Aucun'),
('Webinar Gestion du Stress', 'Formation en ligne sur la gestion du stress', 150.00, 90, 'webinar', 'Formation', 'debutant', 50, 'Ordinateur, connexion internet', 'Aucun'),
('Conference Bien-etre au travail', 'Conference sur les bonnes pratiques de bien-etre', 200.00, 120, 'conference', 'Sensibilisation', 'intermediaire', 100, 'Aucun', 'Aucun'),
('Defi Sportif Mensuel', 'Programme d\'activites physiques sur un mois', 180.00, NULL, 'evenement', 'Sport', 'avance', 30, 'Tenue de sport', 'Niveau intermediaire'),
('Meditation en Groupe', 'Seance de meditation collective pour reduire le stress', 100.00, 60, 'atelier', 'Bien-etre mental', 'debutant', 15, 'Coussin de meditation', 'Aucun'),
('Coaching Nutritionnel', 'Consultation personnalisee sur l''alimentation saine', 90.00, 45, 'consultation', 'Nutrition', 'intermediaire', 1, 'Aucun', 'Aucun'),
('Atelier Ergonomie', 'Formation sur l''amenagement du poste de travail', 160.00, 90, 'atelier', 'Ergonomie', 'debutant', 25, 'Aucun', 'Aucun'),
('Webinar Sommeil', 'Formation en ligne sur l''amelioration du sommeil', 130.00, 60, 'webinar', 'Bien-etre', 'debutant', 40, 'Ordinateur, connexion internet', 'Aucun'),
('Conference Leadership', 'Conference sur le leadership bienveillant', 250.00, 120, 'conference', 'Management', 'avance', 80, 'Aucun', 'Experience en management');

('Coaching Nutritionnel', 'Consultation personnalisee sur l\'alimentation saine', 90.00, 45, 'consultation', 'Nutrition', NULL, 1, 'Aucun', 'Aucun'),
('Atelier Ergonomie', 'Formation sur l\'amenagement du poste de travail', 160.00, 90, 'atelier', 'Ergonomie', 'debutant', 25, 'Aucun', 'Aucun'),
('Webinar Sommeil Reparateur', 'Formation en ligne sur l\'amelioration du sommeil', 130.00, 60, 'webinar', 'Bien-etre', 'debutant', 40, 'Ordinateur, connexion internet', 'Aucun'),
('Conference Leadership Bienveillant', 'Conference sur le leadership bienveillant', 250.00, 120, 'conference', 'Management', 'avance', 80, 'Aucun', 'Experience en management'),
('Sophrologie Individuelle', 'Accompagnement personnalisé par la sophrologie', 75.00, 60, 'consultation', 'Bien-etre mental', NULL, 1, 'Aucun', 'Aucun'),
('Pilates au Sol', 'Cours collectif de Pilates pour renforcer les muscles profonds', 110.00, 60, 'atelier', 'Bien-etre physique', 'intermediaire', 15, 'Tapis de sol', 'Aucun'),
('Formation Secourisme au Travail (SST)', 'Formation initiale ou recyclage SST', 300.00, 120, 'atelier', 'Securite', 'intermediaire', 10, 'Mannequin de formation', 'Aucun'),
('Webinar Communication Non Violente (CNV)', 'Introduction aux principes de la CNV', 140.00, 75, 'webinar', 'Communication', 'debutant', 50, 'Ordinateur, connexion internet', 'Aucun'),
('Evenement Team Building Créatif', 'Atelier artistique pour renforcer la cohésion', 400.00, 180, 'evenement', 'Cohésion d\'équipe', 'debutant', 20, 'Materiel artistique fourni', 'Aucun'),
('Consultation Osteopathie', 'Traitement manuel des troubles fonctionnels', 85.00, 45, 'consultation', 'Sante physique', NULL, 1, 'Aucun', 'Aucun'),
('Atelier Gestion du Temps', 'Optimiser son organisation et sa productivité', 170.00, 90, 'atelier', 'Formation', 'intermediaire', 20, 'Support de cours', 'Aucun'),
('Conference Cybersecurite', 'Sensibilisation aux risques et bonnes pratiques', 220.00, 90, 'conference', 'Securite', 'debutant', 100, 'Aucun', 'Aucun'),
('Consultation Dietetique Sportive', 'Conseils nutritionnels pour sportifs', 95.00, 60, 'consultation', 'Nutrition', NULL, 1, 'Aucun', 'Pratique sportive régulière'),
('Atelier Prise de Parole en Public', 'Améliorer son aisance et son impact à l\'oral', 190.00, 120, 'atelier', 'Communication', 'intermediaire', 12, 'Aucun', 'Aucun'),
('Massage Assis (Amma)', 'Massage court sur chaise ergonomique', 50.00, 20, 'consultation', 'Bien-etre physique', 'debutant', 1, 'Chaise de massage', 'Aucun'),
('Webinar Initiation à l\'Investissement', 'Comprendre les bases de l\'investissement financier', 120.00, 60, 'webinar', 'Finance personnelle', 'debutant', 40, 'Ordinateur, connexion internet', 'Aucun'),
('Course d\'Orientation Urbaine', 'Jeu de piste en équipe dans la ville', 350.00, 150, 'evenement', 'Cohésion d\'équipe', 'intermediaire', 25, 'Smartphone', 'Aucun'),
('Atelier Cuisine Saine', 'Apprendre des recettes saines et rapides', 150.00, 90, 'atelier', 'Nutrition', 'debutant', 15, 'Ingredients et ustensiles fournis', 'Aucun'),
('Conference Addictions', 'Information et prévention sur les addictions', 180.00, 90, 'conference', 'Sante mentale', 'intermediaire', 50, 'Aucun', 'Aucun'),
('Consultation Coaching de Vie', 'Accompagnement pour atteindre ses objectifs personnels', 100.00, 60, 'consultation', 'Developpement personnel', NULL, 1, 'Aucun', 'Aucun'),
('Webinar Fresque du Climat', 'Atelier ludique sur le changement climatique', 160.00, 180, 'webinar', 'Sensibilisation RSE', 'debutant', 30, 'Ordinateur, connexion internet', 'Aucun'),
('Atelier Reflexologie Plantaire', 'Découverte et pratique de la réflexologie', 130.00, 75, 'atelier', 'Bien-etre physique', 'intermediaire', 10, 'Aucun', 'Aucun'),
('Olympiades Inter-Entreprises', 'Compétition sportive amicale', 500.00, 240, 'evenement', 'Sport', 'intermediaire', 100, 'Tenue de sport', 'Aucun'),
('Conference Neurosciences', 'Comprendre le fonctionnement du cerveau au travail', 230.00, 90, 'conference', 'Developpement personnel', 'avance', 60, 'Aucun', 'Aucun');

INSERT INTO personnes (nom, prenom, email, mot_de_passe, telephone, date_naissance, genre, photo_url, role_id, entreprise_id, statut, derniere_connexion) VALUES
('Admin', 'System', 'admin@businesscare.fr', '$2y$10$CGP1gfg0khtXjAZcJFC6iO3oYisjwlPfkm8tQ8Q/OxWpFdR7tOiqO', '00 00 00 00 00', '1990-01-01', 'Autre', '/photos/admin.jpg', 1, NULL, 'actif', '2024-03-17 18:30:00'),
('Salarie', 'Test', 'salarie@businesscare.fr', '$2y$10$CGP1gfg0khtXjAZcJFC6iO3oYisjwlPfkm8tQ8Q/OxWpFdR7tOiqO', '00 00 00 00 00', '1990-01-01', 'Autre', '/photos/salarie.jpg', 2, NULL, 'actif', '2024-03-17 18:30:00'),
('Prestataire', 'Test', 'prestataire@businesscare.fr', '$2y$10$CGP1gfg0khtXjAZcJFC6iO3oYisjwlPfkm8tQ8Q/OxWpFdR7tOiqO', '00 00 00 00 00', '1990-01-01', 'Autre', '/photos/prestataire.jpg', 3, NULL, 'actif', '2024-03-17 18:30:00'),
('Entreprise', 'Test', 'entreprise@businesscare.fr', '$2y$10$CGP1gfg0khtXjAZcJFC6iO3oYisjwlPfkm8tQ8Q/OxWpFdR7tOiqO', '00 00 00 00 00', '1990-01-01', 'Autre', '/photos/entreprise.jpg', 4, NULL, 'actif', '2024-03-17 18:30:00'),
('Dupont', 'Marie', 'marie.dupont@techsolutions.fr', '$2y$10$92IXUNpkjO0rOQ5byMi.Ye4oKoEa3Ro9llC/.og/at2.uheWG/igi', '06 12 34 56 78', '1990-05-15', 'F', '/photos/marie.dupont.jpg', 2, 1, 'actif', '2024-03-17 14:30:00'),
('Martin', 'Jean', 'jean.martin@santeplus.fr', '$2y$10$92IXUNpkjO0rOQ5byMi.Ye4oKoEa3Ro9llC/.og/at2.uheWG/igi', '06 23 45 67 89', '1985-08-20', 'M', '/photos/jean.martin.jpg', 2, 2, 'actif', '2024-03-17 15:45:00'),
('Petit', 'Sophie', 'sophie.petit@bienetrecorp.fr', '$2y$10$92IXUNpkjO0rOQ5byMi.Ye4oKoEa3Ro9llC/.og/at2.uheWG/igi', '06 34 56 78 90', '1992-03-10', 'F', '/photos/sophie.petit.jpg', 2, 3, 'actif', '2024-03-17 16:20:00'),
('Dubois', 'Pierre', 'pierre.dubois@ecohabitat.fr', '$2y$10$92IXUNpkjO0rOQ5byMi.Ye4oKoEa3Ro9llC/.og/at2.uheWG/igi', '06 45 67 89 01', '1988-12-05', 'M', '/photos/pierre.dubois.jpg', 2, 4, 'actif', '2024-03-17 17:10:00'),
('Bernard', 'Emma', 'emma.bernard@financeconseil.fr', '$2y$10$92IXUNpkjO0rOQ5byMi.Ye4oKoEa3Ro9llC/.og/at2.uheWG/igi', '06 56 78 90 12', '1995-07-25', 'F', '/photos/emma.bernard.jpg', 2, 5, 'actif', '2024-03-17 18:00:00'),
('Robert', 'Lucas', 'lucas.robert@innovationdigitale.fr', '$2y$10$92IXUNpkjO0rOQ5byMi.Ye4oKoEa3Ro9llC/.og/at2.uheWG/igi', '06 67 89 01 23', '1991-04-15', 'M', '/photos/lucas.robert.jpg', 2, 6, 'actif', '2024-03-17 19:15:00'),
('Richard', 'Julie', 'julie.richard@santepro.fr', '$2y$10$92IXUNpkjO0rOQ5byMi.Ye4oKoEa3Ro9llC/.og/at2.uheWG/igi', '06 78 90 12 34', '1987-09-30', 'F', '/photos/julie.richard.jpg', 2, 7, 'actif', '2024-03-17 20:30:00'),
('Petit', 'Thomas', 'thomas.petit@bienetreplus.fr', '$2y$10$92IXUNpkjO0rOQ5byMi.Ye4oKoEa3Ro9llC/.og/at2.uheWG/igi', '06 89 01 23 45', '1993-02-20', 'M', '/photos/thomas.petit.jpg', 2, 8, 'actif', '2024-03-17 21:45:00'),
('Durand', 'Lea', 'lea.durand@ecosolutions.fr', '$2y$10$92IXUNpkjO0rOQ5byMi.Ye4oKoEa3Ro9llC/.og/at2.uheWG/igi', '06 90 12 34 56', '1994-11-10', 'F', '/photos/lea.durand.jpg', 2, 9, 'actif', '2024-03-17 22:15:00'),
('Moreau', 'Hugo', 'hugo.moreau@financeplus.fr', '$2y$10$92IXUNpkjO0rOQ5byMi.Ye4oKoEa3Ro9llC/.og/at2.uheWG/igi', '06 01 23 45 67', '1996-06-25', 'M', '/photos/hugo.moreau.jpg', 2, 10, 'actif', '2024-03-17 23:00:00'),
('Duamel', 'Heloise', 'duamelle.heloise@businesscare.fr', '$2y$10$CGP1gfg0khtXjAZcJFC6iO3oYisjwlPfkm8tQ8Q/OxWpFdR7tOiqO', '06 12 34 56 78', '1995-03-15', 'F', '/photos/mdubois.jpg', 2, 10, 'actif', '2024-04-03 09:15:00');
('Dupois', 'Jacques', 'jacques.dupois@businesscare.fr', '$2y$10$CGP1gfg0khtXjAZcJFC6iO3oYisjwlPfkm8tQ8Q/OxWpFdR7tOiqO', '06 12 34 56 78', '1995-03-15', 'M', '/photos/mdupois.jpg', 2, 10, 'inactif', '2024-04-03 09:15:00');

('Admin', 'System', 'admin@businesscare.fr', '$2y$10$CGP1gfg0khtXjAZcJFC6iO3oYisjwlPfkm8tQ8Q/OxWpFdR7tOiqO', '0100000001', '1990-01-01', 'Autre', '', 1, NULL, 'actif', NOW()),
('Leclerc', 'Bernard', 'bernard.leclerc@businesscare.fr', '$2y$10$CGP1gfg0khtXjAZcJFC6iO3oYisjwlPfkm8tQ8Q/OxWpFdR7tOiqO', '0100000002', '1985-05-10', 'M', '', 1, NULL, 'actif', NOW()),
('Durand', 'Sophie', 'sophie.durand@prestataire.com', '$2y$10$CGP1gfg0khtXjAZcJFC6iO3oYisjwlPfkm8tQ8Q/OxWpFdR7tOiqO', '0600000001', '1988-03-15', 'F', '', 3, NULL, 'actif', NOW()),
('Petit', 'Lucas', 'lucas.petit@prestataire.com', '$2y$10$CGP1gfg0khtXjAZcJFC6iO3oYisjwlPfkm8tQ8Q/OxWpFdR7tOiqO', '0600000002', '1992-11-20', 'M', '', 3, NULL, 'actif', NOW()),
('Moreau', 'Camille', 'camille.moreau@prestataire.com', '$2y$10$CGP1gfg0khtXjAZcJFC6iO3oYisjwlPfkm8tQ8Q/OxWpFdR7tOiqO', '0600000003', '1990-07-01', 'F', '', 3, NULL, 'actif', NOW()),
('Girard', 'Antoine', 'antoine.girard@prestataire.com', '$2y$10$CGP1gfg0khtXjAZcJFC6iO3oYisjwlPfkm8tQ8Q/OxWpFdR7tOiqO', '0600000004', '1985-01-25', 'M', '', 3, NULL, 'inactif', '2024-01-10 10:00:00'),
('Leroy', 'Isabelle', 'isabelle.leroy@techsolutions.fr', '$2y$10$CGP1gfg0khtXjAZcJFC6iO3oYisjwlPfkm8tQ8Q/OxWpFdR7tOiqO', '0123456701', '1980-04-12', 'F', '', 4, 1, 'actif', NOW()),
('Roux', 'David', 'david.roux@santeplus.fr', '$2y$10$CGP1gfg0khtXjAZcJFC6iO3oYisjwlPfkm8tQ8Q/OxWpFdR7tOiqO', '0198765401', '1975-09-30', 'M', '', 4, 2, 'actif', NOW()),
('Garcia', 'Laura', 'laura.garcia@bienetrecorp.fr', '$2y$10$CGP1gfg0khtXjAZcJFC6iO3oYisjwlPfkm8tQ8Q/OxWpFdR7tOiqO', '0145678902', '1989-06-18', 'F', '', 4, 3, 'actif', NOW()),
('Martinez', 'Daniel', 'daniel.martinez@ecohabitat.fr', '$2y$10$CGP1gfg0khtXjAZcJFC6iO3oYisjwlPfkm8tQ8Q/OxWpFdR7tOiqO', '0456789001', '1982-12-01', 'M', '', 4, 4, 'actif', NOW()),
('Lopez', 'Sandra', 'sandra.lopez@financeconseil.fr', '$2y$10$CGP1gfg0khtXjAZcJFC6iO3oYisjwlPfkm8tQ8Q/OxWpFdR7tOiqO', '0567890101', '1991-08-05', 'F', '', 4, 5, 'actif', NOW()),
('Dupont', 'Marie', 'marie.dupont@techsolutions.fr', '$2y$10$92IXUNpkjO0rOQ5byMi.Ye4oKoEa3Ro9llC/.og/at2.uheWG/igi', '0612345678', '1990-05-15', 'F', '', 2, 1, 'actif', NOW()),
('Martin', 'Jean', 'jean.martin@santeplus.fr', '$2y$10$92IXUNpkjO0rOQ5byMi.Ye4oKoEa3Ro9llC/.og/at2.uheWG/igi', '0623456789', '1985-08-20', 'M', '', 2, 2, 'actif', NOW()),
('Petit', 'Sophie', 'sophie.petit@bienetrecorp.fr', '$2y$10$92IXUNpkjO0rOQ5byMi.Ye4oKoEa3Ro9llC/.og/at2.uheWG/igi', '0634567890', '1992-03-10', 'F', '', 2, 3, 'actif', NOW()),
('Dubois', 'Pierre', 'pierre.dubois@ecohabitat.fr', '$2y$10$92IXUNpkjO0rOQ5byMi.Ye4oKoEa3Ro9llC/.og/at2.uheWG/igi', '0645678901', '1988-12-05', 'M', '', 2, 4, 'actif', NOW()),
('Bernard', 'Emma', 'emma.bernard@financeconseil.fr', '$2y$10$92IXUNpkjO0rOQ5byMi.Ye4oKoEa3Ro9llC/.og/at2.uheWG/igi', '0656789012', '1995-07-25', 'F', '', 2, 5, 'actif', NOW()),
('Robert', 'Lucas', 'lucas.robert@innovationdigitale.fr', '$2y$10$92IXUNpkjO0rOQ5byMi.Ye4oKoEa3Ro9llC/.og/at2.uheWG/igi', '0667890123', '1991-04-15', 'M', '', 2, 6, 'actif', NOW()),
('Richard', 'Julie', 'julie.richard@santepro.fr', '$2y$10$92IXUNpkjO0rOQ5byMi.Ye4oKoEa3Ro9llC/.og/at2.uheWG/igi', '0678901234', '1987-09-30', 'F', '', 2, 7, 'actif', NOW()),
('Simon', 'Thomas', 'thomas.simon@bienetreplus.fr', '$2y$10$92IXUNpkjO0rOQ5byMi.Ye4oKoEa3Ro9llC/.og/at2.uheWG/igi', '0689012345', '1993-02-20', 'M', '', 2, 8, 'actif', NOW()),
('Michel', 'Lea', 'lea.michel@ecosolutions.fr', '$2y$10$92IXUNpkjO0rOQ5byMi.Ye4oKoEa3Ro9llC/.og/at2.uheWG/igi', '0690123456', '1994-11-10', 'F', '', 2, 9, 'actif', NOW()),
('Laurent', 'Hugo', 'hugo.laurent@financeplus.fr', '$2y$10$92IXUNpkjO0rOQ5byMi.Ye4oKoEa3Ro9llC/.og/at2.uheWG/igi', '0601234567', '1996-06-25', 'M', '', 2, 10, 'actif', NOW()),
('Lefebvre', 'Chloe', 'chloe.lefebvre@techsolutions.fr', '$2y$10$92IXUNpkjO0rOQ5byMi.Ye4oKoEa3Ro9llC/.og/at2.uheWG/igi', '0611223344', '1997-01-05', 'F', '', 2, 1, 'inactif', '2023-12-01 12:00:00'),
('Andre', 'Nicolas', 'nicolas.andre@santeplus.fr', '$2y$10$92IXUNpkjO0rOQ5byMi.Ye4oKoEa3Ro9llC/.og/at2.uheWG/igi', '0622334455', '1986-10-18', 'M', '', 2, 2, 'actif', NOW()),
('Mercier', 'Manon', 'manon.mercier@bienetrecorp.fr', '$2y$10$92IXUNpkjO0rOQ5byMi.Ye4oKoEa3Ro9llC/.og/at2.uheWG/igi', '0633445566', '1993-05-22', 'F', '', 2, 3, 'actif', NOW()),
('Blanc', 'Adrien', 'adrien.blanc@ecohabitat.fr', '$2y$10$92IXUNpkjO0rOQ5byMi.Ye4oKoEa3Ro9llC/.og/at2.uheWG/igi', '0644556677', '1989-03-14', 'M', '', 2, 4, 'actif', NOW()),
('Guillaume', 'Alice', 'alice.guillaume@financeconseil.fr', '$2y$10$92IXUNpkjO0rOQ5byMi.Ye4oKoEa3Ro9llC/.og/at2.uheWG/igi', '0655667788', '1998-09-08', 'F', '', 2, 5, 'actif', NOW()),
('Faure', 'Olivier', 'olivier.faure@innovationdigitale.fr', '$2y$10$92IXUNpkjO0rOQ5byMi.Ye4oKoEa3Ro9llC/.og/at2.uheWG/igi', '0666778899', '1984-07-11', 'M', '', 2, 6, 'suspendu', '2024-02-01 09:00:00'),
('Hubert', 'Elodie', 'elodie.hubert@santepro.fr', '$2y$10$92IXUNpkjO0rOQ5byMi.Ye4oKoEa3Ro9llC/.og/at2.uheWG/igi', '0677889900', '1990-12-28', 'F', '', 2, 7, 'actif', NOW()),
('Rousseau', 'Kevin', 'kevin.rousseau@bienetreplus.fr', '$2y$10$92IXUNpkjO0rOQ5byMi.Ye4oKoEa3Ro9llC/.og/at2.uheWG/igi', '0688990011', '1994-04-03', 'M', '', 2, 8, 'actif', NOW()),
('Vincent', 'Sarah', 'sarah.vincent@ecosolutions.fr', '$2y$10$92IXUNpkjO0rOQ5byMi.Ye4oKoEa3Ro9llC/.og/at2.uheWG/igi', '0699001122', '1996-01-19', 'F', '', 2, 9, 'actif', NOW()),
('Poirier', 'Mathieu', 'mathieu.poirier@financeplus.fr', '$2y$10$92IXUNpkjO0rOQ5byMi.Ye4oKoEa3Ro9llC/.og/at2.uheWG/igi', '0600112233', '1992-08-24', 'M', '', 2, 10, 'actif', NOW());

INSERT INTO contrats (entreprise_id, date_debut, date_fin, montant_mensuel, nombre_salaries, type_contrat, statut, conditions_particulieres) VALUES
(1, '2024-01-01', '2024-12-31', 5000.00, 150, 'premium', 'actif', 'Acces a toutes les prestations premium'),
(2, '2024-02-01', '2025-01-31', 7500.00, 300, 'entreprise', 'actif', 'Acces illimite aux prestations'),
(3, '2024-03-01', '2024-08-31', 2500.00, 35, 'standard', 'actif', 'Acces aux prestations de base'),
(4, '2024-01-15', '2024-07-14', 3200.00, 80, 'standard', 'actif', 'Acces aux prestations de base et ateliers'),
(5, '2024-02-10', '2025-02-09', 4500.00, 120, 'premium', 'actif', 'Acces a toutes les prestations avec tarifs preferentiels'),
(6, '2024-01-20', '2024-12-31', 6000.00, 180, 'premium', 'actif', 'Acces a toutes les prestations premium avec support prioritaire'),
(7, '2024-02-15', '2024-12-31', 8500.00, 350, 'entreprise', 'actif', 'Acces illimite aux prestations avec formation personnalisee'),
(8, '2024-03-01', '2024-12-31', 2800.00, 45, 'standard', 'en_attente', 'Acces aux prestations de base et ateliers'),
(9, '2024-01-25', '2024-12-31', 3800.00, 90, 'standard', 'actif', 'Acces aux prestations de base et ateliers'),
(10, '2024-02-20', '2024-12-31', 4200.00, 100, 'premium', 'actif', 'Acces a toutes les prestations avec tarifs preferentiels'),
(10, '2024-01-01', '2024-12-31', 5000.00, 150, 'premium', 'actif', 'Acces a toutes les prestations premium'),
(10, '2023-01-01', '2023-12-31', 5000.00, 150, 'premium', 'expire', 'Acces a toutes les prestations premium');
(7, '2024-02-15', '2025-02-14', 8500.00, 350, 'entreprise', 'actif', 'Acces illimite aux prestations avec formation personnalisee'),
(8, '2024-03-01', NULL, 2800.00, 45, 'standard', 'actif', 'Acces aux prestations de base et ateliers - renouvellement tacite'),
(9, '2024-01-25', '2024-06-30', 3800.00, 90, 'standard', 'resilie', 'Resiliation au 30/06/2024'),
(10, '2024-02-20', '2024-08-19', 4200.00, 100, 'premium', 'expire', 'Contrat expiré non renouvelé'),
(11, '2023-11-01', '2024-10-31', 2000.00, 25, 'standard', 'actif', 'Restauration - bien etre'),
(12, '2024-01-01', '2024-12-31', 5500.00, 170, 'premium', 'actif', 'Logistique - gestion stress'),
(13, '2023-09-01', '2024-08-31', 3000.00, 40, 'standard', 'actif', 'Marketing - creativite'),
(14, '2024-04-01', '2025-03-31', 1500.00, 8, 'standard', 'en_attente', 'Automobile - ergonomie'),
(15, '2023-10-15', '2024-10-14', 4800.00, 60, 'premium', 'actif', 'Immobilier - performance'),
(16, '2024-02-01', '2025-01-31', 1200.00, 5, 'standard', 'actif', 'Mode - image de soi'),
(17, '2023-12-01', '2024-11-30', 3500.00, 70, 'premium', 'actif', 'Formation - communication'),
(18, '2024-03-15', '2025-03-14', 1000.00, 10, 'standard', 'actif', 'Sport - coaching'),
(19, '2024-01-10', '2024-12-31', 4000.00, 95, 'premium', 'actif', 'Tourisme - gestion stress'),
(20, '2024-04-01', '2025-03-31', 1800.00, 15, 'standard', 'en_attente', 'Culture - bien-etre'),
(1, '2023-01-01', '2023-12-31', 4800.00, 140, 'premium', 'expire', 'Ancien contrat Tech Solutions'),
(2, '2023-02-01', '2024-01-31', 7200.00, 280, 'entreprise', 'expire', 'Ancien contrat Sante Plus'),
(7, '2023-02-15', '2024-02-14', 8000.00, 330, 'entreprise', 'expire', 'Ancien contrat Sante Pro'),
(21, '2024-05-01', '2025-04-30', 6200.00, 190, 'premium', 'en_attente', 'Green Energy - Nouveau contrat'),
(22, '2024-06-01', '2025-05-31', 9000.00, 450, 'entreprise', 'en_attente', 'Pharma Discovery - Nouveau contrat'),
(23, '2024-05-15', '2025-05-14', 3300.00, 48, 'standard', 'en_attente', 'Digital Flow - Nouveau contrat'),
(24, '2024-04-20', '2025-04-19', 1300.00, 9, 'standard', 'actif', 'Bio Food - Contrat actif'),
(25, '2024-03-10', '2025-03-09', 2900.00, 42, 'standard', 'actif', 'Kids Playzone - Contrat actif'),
(26, '2024-02-28', '2025-02-27', 4600.00, 55, 'premium', 'actif', 'Legal Experts - Contrat actif'),
(30, '2024-01-01', '2024-12-31', 15000.00, 600, 'entreprise', 'actif', 'Global Trading Co - Contrat actif');

INSERT INTO devis (entreprise_id, date_creation, date_validite, montant_total, montant_ht, tva, statut, conditions_paiement, delai_paiement) VALUES
(1, '2024-01-15', '2024-02-15', 1500.00, 1250.00, 20.00, 'accepte', 'Paiement a 30 jours', 30),
(2, '2024-02-01', '2024-03-01', 2000.00, 1666.67, 20.00, 'accepte', 'Paiement a 45 jours', 45),
(3, '2024-02-15', '2024-03-15', 1800.00, 1500.00, 20.00, 'refuse', 'Paiement a 30 jours', 30),
(4, '2024-01-10', '2024-02-10', 3200.00, 2666.67, 20.00, 'accepte', 'Paiement a 15 jours', 15),
(5, '2024-02-20', '2024-03-20', 2500.00, 2083.33, 20.00, 'en_attente', 'Paiement a 30 jours', 30),
(6, '2024-01-25', '2024-02-25', 2800.00, 2333.33, 20.00, 'accepte', 'Paiement a 30 jours', 30),
(7, '2024-02-10', '2024-03-10', 3500.00, 2916.67, 20.00, 'en_attente', 'Paiement a 45 jours', 45),
(8, '2024-02-20', '2024-03-20', 2200.00, 1833.33, 20.00, 'expire', 'Paiement a 30 jours', 30),
(9, '2024-01-30', '2024-02-28', 2600.00, 2166.67, 20.00, 'accepte', 'Paiement a 30 jours', 30),
(10, '2024-02-25', '2024-03-25', 2400.00, 2000.00, 20.00, 'en_attente', 'Paiement a 30 jours', 30),
(11, '2024-03-05', '2024-04-05', 950.00, 791.67, 20.00, 'en_attente', 'Paiement comptant', 0),
(12, '2024-03-10', '2024-04-10', 3100.00, 2583.33, 20.00, 'accepte', 'Paiement a 30 jours', 30),
(13, '2024-03-15', '2024-04-15', 1600.00, 1333.33, 20.00, 'accepte', 'Paiement a 30 jours', 30),
(14, '2024-03-20', '2024-04-20', 700.00, 583.33, 20.00, 'refuse', 'Paiement comptant', 0),
(15, '2024-03-25', '2024-04-25', 2900.00, 2416.67, 20.00, 'en_attente', 'Paiement a 60 jours', 60),
(16, '2024-04-01', '2024-05-01', 550.00, 458.33, 20.00, 'en_attente', 'Paiement comptant', 0),
(17, '2024-04-05', '2024-05-05', 1950.00, 1625.00, 20.00, 'accepte', 'Paiement a 30 jours', 30),
(18, '2024-04-10', '2024-05-10', 480.00, 400.00, 20.00, 'accepte', 'Paiement comptant', 0),
(19, '2024-04-15', '2024-05-15', 2100.00, 1750.00, 20.00, 'en_attente', 'Paiement a 30 jours', 30),
(20, '2024-04-20', '2024-05-20', 880.00, 733.33, 20.00, 'refuse', 'Paiement comptant', 0),
(1, '2024-04-25', '2024-05-25', 1750.00, 1458.33, 20.00, 'en_attente', 'Paiement a 30 jours', 30),
(2, '2024-05-01', '2024-06-01', 2200.00, 1833.33, 20.00, 'en_attente', 'Paiement a 45 jours', 45),
(6, '2024-05-05', '2024-06-05', 3000.00, 2500.00, 20.00, 'en_attente', 'Paiement a 30 jours', 30),
(7, '2024-05-10', '2024-06-10', 3800.00, 3166.67, 20.00, 'en_attente', 'Paiement a 45 jours', 45),
(12, '2024-05-15', '2024-06-15', 3300.00, 2750.00, 20.00, 'en_attente', 'Paiement a 30 jours', 30),
(15, '2024-05-20', '2024-06-20', 3100.00, 2583.33, 20.00, 'en_attente', 'Paiement a 60 jours', 60),
(17, '2024-05-25', '2024-06-25', 2050.00, 1708.33, 20.00, 'en_attente', 'Paiement a 30 jours', 30),
(21, '2024-06-01', '2024-07-01', 4000.00, 3333.33, 20.00, 'en_attente', 'Paiement a 30 jours', 30),
(25, '2024-06-05', '2024-07-05', 1500.00, 1250.00, 20.00, 'en_attente', 'Paiement a 30 jours', 30),
(30, '2024-06-10', '2024-07-10', 8000.00, 6666.67, 20.00, 'en_attente', 'Paiement a 60 jours', 60);

INSERT INTO factures (entreprise_id, devis_id, numero_facture, date_emission, date_echeance, montant_total, montant_ht, tva, statut, mode_paiement) VALUES
(1, 1, 'FACT-2024-001', '2024-01-20', '2024-02-20', 1500.00, 1250.00, 20.00, 'payee', 'virement'),
(2, 2, 'FACT-2024-002', '2024-02-05', '2024-03-22', 2000.00, 1666.67, 20.00, 'payee', 'carte'),
(4, 4, 'FACT-2024-003', '2024-02-20', '2024-03-06', 3200.00, 2666.67, 20.00, 'payee', 'carte'),
(5, 5, 'FACT-2024-004', '2024-03-01', '2024-03-31', 2500.00, 2083.33, 20.00, 'payee', 'prelevement'),
(6, 6, 'FACT-2024-005', '2024-02-01', '2024-03-02', 2800.00, 2333.33, 20.00, 'payee', 'virement'),
(7, 7, 'FACT-2024-006', '2024-02-15', '2024-03-31', 3500.00, 2916.67, 20.00, 'retard', 'virement'),
(9, 9, 'FACT-2024-007', '2024-02-05', '2024-03-06', 2600.00, 2166.67, 20.00, 'payee', 'carte'),
(10, 10, 'FACT-2024-008', '2024-03-05', '2024-04-05', 2400.00, 2000.00, 20.00, 'en_attente', 'virement'),
(12, 12, 'FACT-2024-009', '2024-03-15', '2024-04-15', 3100.00, 2583.33, 20.00, 'en_attente', 'virement'),
(13, 13, 'FACT-2024-010', '2024-03-20', '2024-04-20', 1600.00, 1333.33, 20.00, 'en_attente', 'carte'),
(17, 17, 'FACT-2024-011', '2024-04-10', '2024-05-10', 1950.00, 1625.00, 20.00, 'en_attente', 'prelevement'),
(18, 18, 'FACT-2024-012', '2024-04-15', '2024-04-15', 480.00, 400.00, 20.00, 'payee', 'carte'),
(1, NULL, 'FACT-2024-013', '2024-04-20', '2024-05-20', 500.00, 416.67, 20.00, 'en_attente', 'virement'),
(2, NULL, 'FACT-2024-014', '2024-04-22', '2024-05-22', 750.00, 625.00, 20.00, 'en_attente', 'carte'),
(3, NULL, 'FACT-2024-015', '2024-04-25', '2024-05-25', 1200.00, 1000.00, 20.00, 'annulee', 'virement'),
(4, NULL, 'FACT-2024-016', '2024-04-28', '2024-05-28', 900.00, 750.00, 20.00, 'en_attente', 'prelevement'),
(5, NULL, 'FACT-2024-017', '2024-05-01', '2024-06-01', 1100.00, 916.67, 20.00, 'en_attente', 'virement'),
(6, NULL, 'FACT-2024-018', '2024-05-05', '2024-06-05', 1350.00, 1125.00, 20.00, 'en_attente', 'carte'),
(7, NULL, 'FACT-2024-019', '2024-05-10', '2024-06-10', 1600.00, 1333.33, 20.00, 'impayee', 'virement'),
(8, NULL, 'FACT-2024-020', '2024-05-15', '2024-06-15', 800.00, 666.67, 20.00, 'en_attente', 'prelevement'),
(9, NULL, 'FACT-2024-021', '2024-05-20', '2024-06-20', 1000.00, 833.33, 20.00, 'payee', 'carte'),
(10, NULL, 'FACT-2024-022', '2024-05-25', '2024-06-25', 950.00, 791.67, 20.00, 'en_attente', 'virement'),
(11, NULL, 'FACT-2024-023', '2024-05-28', '2024-06-28', 600.00, 500.00, 20.00, 'en_attente', 'carte'),
(12, NULL, 'FACT-2024-024', '2024-06-01', '2024-07-01', 1400.00, 1166.67, 20.00, 'en_attente', 'prelevement'),
(13, NULL, 'FACT-2024-025', '2024-06-05', '2024-07-05', 1700.00, 1416.67, 20.00, 'en_attente', 'virement'),
(14, NULL, 'FACT-2024-026', '2024-06-10', '2024-07-10', 550.00, 458.33, 20.00, 'payee', 'carte'),
(15, NULL, 'FACT-2024-027', '2024-06-15', '2024-07-15', 1900.00, 1583.33, 20.00, 'retard', 'virement'),
(16, NULL, 'FACT-2024-028', '2024-06-20', '2024-07-20', 450.00, 375.00, 20.00, 'en_attente', 'prelevement'),
(17, NULL, 'FACT-2024-029', '2024-06-25', '2024-07-25', 1850.00, 1541.67, 20.00, 'en_attente', 'carte'),
(18, NULL, 'FACT-2024-030', '2024-06-30', '2024-07-30', 300.00, 250.00, 20.00, 'payee', 'virement');

INSERT INTO rendez_vous (personne_id, prestation_id, praticien_id, date_rdv, duree, lieu, type_rdv, statut, notes) VALUES
(5, 1, 3, '2024-03-20 10:00:00', 45, 'Cabinet 101', 'presentiel', 'planifie', 'Premiere consultation'),
(5, 2, 3, '2024-03-21 14:00:00', 60, 'Salle de yoga', 'presentiel', 'confirme', 'Seance de groupe'),
(5, 3, 3, '2024-03-22 15:00:00', 90, 'En ligne', 'visio', 'planifie', 'Webinar en groupe'),
(5, 4, 3, '2024-03-23 09:30:00', 60, 'Bureau 202', 'presentiel', 'confirme', 'Suivi mensuel'),
(5, 5, 3, '2024-03-24 11:00:00', 45, 'Salle de reunion', 'presentiel', 'planifie', 'Bilan trimestriel'),
(6, 6, 3, '2024-03-25 10:30:00', 60, 'Salle de meditation', 'presentiel', 'confirme', 'Seance de groupe'),
(7, 7, 3, '2024-03-26 14:00:00', 45, 'Cabinet 303', 'presentiel', 'planifie', 'Premiere consultation'),
(8, 8, 3, '2024-03-27 09:00:00', 90, 'Salle de formation', 'presentiel', 'confirme', 'Formation groupe'),
(9, 9, 3, '2024-03-28 15:00:00', 60, 'En ligne', 'visio', 'planifie', 'Webinar individuel'),
(10, 10, 3, '2024-03-29 11:30:00', 120, 'Salle de conference', 'presentiel', 'confirme', 'Conference annuelle'),
(12, 1, 3, '2024-04-20 10:00:00', 45, 'Cabinet 101', 'presentiel', 'termine', 'Premiere consultation effectuée'),
(13, 7, 3, '2024-04-21 11:00:00', 45, 'Cabinet 102', 'visio', 'confirme', 'Coaching nutritionnel'),
(14, 2, 6, '2024-04-28 09:00:00', 60, 'Salle de yoga Entreprise', 'presentiel', 'planifie', 'Yoga sur site'),
(15, 1, 5, '2024-04-22 14:30:00', 45, 'En ligne', 'visio', 'termine', 'Consultation psy'),
(16, 12, 6, '2024-04-29 18:00:00', 60, 'Salle de sport Entreprise', 'presentiel', 'confirme', 'Pilates'),
(17, 17, 3, '2024-05-06 09:30:00', 90, 'Salle Coquelicot', 'presentiel', 'planifie', 'Atelier gestion du temps'),
(18, 18, 4, '2024-05-10 14:00:00', 45, 'Visio', 'visio', 'planifie', 'Consultation dietetique sportive'),
(19, 19, 5, '2024-05-15 12:30:00', 60, 'Salle Lotus', 'presentiel', 'confirme', 'Yoga dynamique'),
(20, 20, 6, '2024-05-16 17:00:00', 60, 'Cabinet 202', 'presentiel', 'planifie', 'Atelier cuisine saine'),
(21, 21, 3, '2024-05-17 19:00:00', 45, 'Visio', 'visio', 'termine', 'Consultation coaching de vie'),
(22, 22, 4, '2024-05-18 10:00:00', 60, 'Visio', 'visio', 'termine', 'Consultation nutrition'),
(23, 23, 5, '2024-05-19 11:30:00', 45, 'Visio', 'visio', 'confirme', 'Webinar fresque du climat'),
(24, 24, 6, '2024-05-20 14:00:00', 60, 'Visio', 'visio', 'termine', 'Conference addictions'),
(25, 25, 3, '2024-05-21 16:00:00', 60, 'Visio', 'visio', 'termine', 'Consultation coaching de vie'),
(26, 26, 4, '2024-05-22 10:00:00', 45, 'Visio', 'visio', 'termine', 'Consultation nutrition'),
(27, 27, 5, '2024-05-23 11:30:00', 60, 'Visio', 'visio', 'termine', 'Webinar fresque du climat'),
(28, 28, 6, '2024-05-24 14:00:00', 60, 'Visio', 'visio', 'termine', 'Conference addictions'),
(29, 29, 3, '2024-05-25 16:00:00', 45, 'Visio', 'visio', 'termine', 'Consultation coaching de vie');

INSERT INTO evaluations (personne_id, prestation_id, note, commentaire, date_evaluation) VALUES
(12, 1, 5, 'Excellent service, tres professionnel', '2024-04-21'),
(14, 1, 4, 'Très à l\'écoute, m\'a beaucoup aidé.', '2024-04-23'),
(15, 8, 5, 'Formation ergo très claire et pratique.', '2024-04-24'),
(17, 3, 4, 'Bon webinar, contenu pertinent.', '2024-05-04'),
(23, 1, 5, 'Consultation efficace, je recommande.', '2024-05-14'),
(14, 12, 4, 'Cours de pilates dynamique, bon prof.', '2024-05-02'),
(18, 5, 3, 'Défi sportif un peu trop dur pour moi.', '2024-05-06'),
(20, 2, 5, 'Séance de yoga parfaite pour se détendre après le travail.', '2024-05-11'),
(12, 6, 4, 'Bonne séance de méditation, lieu agréable.', '2024-04-26'),
(15, 21, 5, 'Massage assis très relaxant pendant la pause.', '2024-05-01'),
(24, 21, 4, 'Rapide et efficace ce massage !', '2024-05-15'),
(13, 7, 4, 'Bons conseils nutritionnels, à voir sur la durée.', '2024-04-22'),
(16, 16, 5, 'Soulagement rapide après la séance d\'ostéo.', '2024-05-02'),
(19, 7, 3, 'Pas totalement convaincu par le suivi nutrition à distance.', '2024-05-10'),
(21, 11, 4, 'La sophrologie m\'aide bien à gérer mon stress.', '2024-05-12'),
(17, 9, 4, 'Le webinar sur le sommeil m\'a donné de bonnes pistes.', '2024-05-22'),
(25, 12, 5, 'Super cours de Pilates, prof motivant.', '2024-05-16'),
(14, 2, 4, 'Bonne ambiance au cours de yoga.', '2024-05-19'),
(15, 7, 4, 'Le bilan nutrition était intéressant.', '2024-05-20'),
(16, 6, 5, 'Très bonne méditation, je reviendrai.', '2024-05-21'),
(12, 9, 4, 'Conseils pratiques pour mieux dormir.', '2024-05-03'),
(13, 11, 5, 'Première séance de sophro, très positive.', '2024-05-06'),
(15, 22, 3, 'Webinar un peu trop basique sur l\'investissement.', '2024-05-08'),
(18, 20, 4, 'Atelier prise de parole utile, exercices concrets.', '2024-05-09'),
(20, 12, 4, 'Pilates : bon pour le dos !', '2024-05-13'),
(22, 16, 5, 'Plus de douleur après la séance d\'ostéopathie, merci !', '2024-05-17'),
(23, 21, 5, '5 étoiles pour le massage express.', '2024-05-18'),
(24, 2, 4, 'Yoga sur site, c\'est pratique.', '2024-05-20'),
(12, 16, 4, 'Manipulations douces et efficaces.', '2024-05-17'),
(13, 21, 3, 'Massage trop court.', '2024-05-18'),
(25, 12, 5, 'Super cours de Pilates, prof motivant.', '2024-05-16'),
(26, 13, 4, 'Bons conseils nutritionnels, à voir sur la durée.', '2024-05-19'),
(27, 14, 5, 'Atelier cuisine saine, recettes délicieuses.', '2024-05-20'),
(28, 15, 4, 'Consultation nutrition, conseils pratiques.', '2024-05-21'),
(29, 16, 5, 'Soulagement après la séance d\'ostéopathie, merci !', '2024-05-22'),
(30, 17, 4, 'Consultation nutrition, conseils pratiques.', '2024-05-23');

INSERT INTO evenements (titre, description, date_debut, date_fin, lieu, type, capacite_max, niveau_difficulte, materiel_necessaire, prerequis) VALUES
('Conference sur le Bien-etre au Travail', 'Une conference interactive sur les bonnes pratiques', '2024-04-01 09:00:00', '2024-04-01 11:00:00', 'Salle de Conference Paris', 'conference', 100, 'intermediaire', 'Aucun', 'Aucun'),
('Webinar Gestion du Stress', 'Formation en ligne sur la gestion du stress', '2024-04-15 14:00:00', '2024-04-15 15:30:00', 'En ligne', 'webinar', 50, 'debutant', 'Ordinateur, connexion internet', 'Aucun'),
('Atelier Ergonomie au Bureau', 'Apprenez a amenager votre espace de travail', '2024-04-20 10:00:00', '2024-04-20 12:00:00', 'Centre d\'affaires Lyon', 'atelier', 30, 'debutant', 'Aucun', 'Aucun'),
('Seminaire Leadership Bienveillant', 'Developper un leadership positif et efficace', '2024-05-05 09:00:00', '2024-05-06 17:00:00', 'Hotel Mercure Bordeaux', 'atelier', 40, 'avance', 'Carnet de notes', 'Experience en management'),
('Journee Detox Digitale', 'Une journee pour apprendre a se deconnecter', '2024-05-10 09:00:00', '2024-05-10 17:00:00', 'Espace Zen Marseille', 'autre', 25, 'debutant', 'Tenue confortable', 'Aucun'),
('Atelier Meditation en Groupe', 'Seance de meditation collective', '2024-04-25 14:00:00', '2024-04-25 15:30:00', 'Centre de bien-etre Paris', 'atelier', 20, 'debutant', 'Coussin de meditation', 'Aucun'),
('Webinar Nutrition Equilibree', 'Formation sur l\'alimentation saine', '2024-05-15 10:00:00', '2024-05-15 11:30:00', 'En ligne', 'webinar', 40, 'intermediaire', 'Ordinateur, connexion internet', 'Aucun'),
('Conference Ergonomie Avancee', 'Conference sur l\'ergonomie au travail', '2024-05-20 09:00:00', '2024-05-20 11:00:00', 'Centre de formation Lyon', 'conference', 60, 'avance', 'Aucun', 'Base en ergonomie'),
('Atelier Sommeil Reparateur', 'Techniques pour un meilleur sommeil', '2024-05-25 15:00:00', '2024-05-25 16:30:00', 'Espace bien-etre Bordeaux', 'atelier', 25, 'debutant', 'Tenue confortable', 'Aucun'),
('Seminaire Leadership Feminin', 'Developper son leadership au feminin', '2024-06-01 09:00:00', '2024-06-01 17:00:00', 'Hotel Pullman Paris', 'atelier', 35, 'intermediaire', 'Carnet de notes', 'Experience en management');

INSERT INTO communautes (nom, description, type, niveau, capacite_max) VALUES
('Yoga & Meditation', 'Groupe de pratique du yoga et de la meditation', 'bien_etre', 'debutant', 20),
('Running Club', 'Club de course a pied pour tous niveaux', 'sport', 'intermediaire', 30),
('Nutrition & Sante', 'Groupe d\'echange sur la nutrition et la sante', 'sante', 'intermediaire', 25),
('Mindfulness au Travail', 'Groupe de pratique de la pleine conscience en milieu professionnel', 'bien_etre', 'debutant', 30),
('Club de Lecture Sante', 'Discussions autour de livres sur la sante et le bien-etre', 'autre', 'intermediaire', 15),
('Pilates & Stretching', 'Groupe de pratique du pilates et du stretching', 'bien_etre', 'debutant', 20),
('Cycling Club', 'Club de cyclisme en salle', 'sport', 'intermediaire', 25),
('Nutrition Sportive', 'Groupe d\'echange sur la nutrition sportive', 'sante', 'avance', 20),
('Meditation Avancee', 'Groupe de meditation pour pratiquants confirmes', 'bien_etre', 'avance', 15),
('Bien-etre au Travail', 'Echanges sur le bien-etre en milieu professionnel', 'autre', 'intermediaire', 30);

INSERT INTO dons (personne_id, montant, type, description, date_don, statut) VALUES
(12, 50.00, 'financier', 'Don pour le programme de bien-etre', '2024-03-01', 'valide'),
(13, NULL, 'materiel', 'Don de materiel informatique (ecran)', '2024-03-15', 'valide'),
(14, 100.00, 'financier', 'Soutien au programme de sante mentale', '2024-03-20', 'valide'),
(15, 75.00, 'financier', 'Don pour les ateliers de bien-etre', '2024-03-25', 'valide'),
(16, NULL, 'materiel', 'Don de mobilier ergonomique (chaise)', '2024-04-01', 'valide'),
(17, 150.00, 'financier', 'Don pour le programme sportif', '2024-03-05', 'valide'),
(18, NULL, 'materiel', 'Don de materiel de sport (halteres)', '2024-03-10', 'en_attente'),
(19, 200.00, 'financier', 'Soutien aux ateliers de bien-etre', '2024-03-15', 'valide'),
(20, 80.00, 'financier', 'Don pour les conferences', '2024-03-20', 'valide'),
(21, NULL, 'materiel', 'Don de materiel de bureau (lampe)', '2024-03-25', 'valide'),
(22, 25.00, 'financier', 'Petit don', '2024-04-02', 'valide'),
(23, NULL, 'materiel', 'Don plante verte bureau', '2024-04-05', 'valide'),
(24, 250.00, 'financier', 'Contribution importante', '2024-04-10', 'valide'),
(25, NULL, 'materiel', 'Don livres developpement personnel', '2024-04-12', 'en_attente'),
(26, 60.00, 'financier', 'Don mensuel', '2024-04-15', 'valide'),
(27, NULL, 'materiel', 'Don tapis de yoga', '2024-04-18', 'valide'),
(28, 120.00, 'financier', 'Don pour la cause X', '2024-04-20', 'valide'),
(29, NULL, 'materiel', 'Don casque audio', '2024-04-22', 'refuse'),
(30, 90.00, 'financier', 'Participation frais atelier', '2024-04-25', 'valide'),
(31, NULL, 'materiel', 'Don machine a cafe', '2024-04-28', 'en_attente');

INSERT INTO notifications (personne_id, titre, message, type, lien, lu, date_lecture) VALUES
(5, 'Nouveau Rendez-vous', 'Votre rendez-vous a ete confirme', 'success', '/rendez-vous/1', false, NULL),
(5, 'Paiement Reçu', 'Votre paiement a ete reçu avec succes', 'success', '/factures/1', true, '2024-03-17 10:30:00'),
(5, 'Nouvel evenement', 'Un nouvel evenement est disponible', 'info', '/evenements/2', false, NULL),
(5, 'Rappel de rendez-vous', 'Votre rendez-vous est prevu demain', 'warning', '/rendez-vous/3', false, NULL),
(5, 'Nouvelle evaluation', 'Vous avez reçu une nouvelle evaluation', 'info', '/evaluations/5', true, '2024-03-25 14:45:00'),
(6, 'Nouveau Rendez-vous', 'Votre rendez-vous a ete confirme', 'success', '/rendez-vous/6', false, NULL),
(7, 'Paiement Reçu', 'Votre paiement a ete reçu avec succes', 'success', '/factures/2', true, '2024-03-18 11:20:00'),
(8, 'Nouvel evenement', 'Un nouvel evenement est disponible', 'info', '/evenements/3', false, NULL),
(9, 'Rappel de rendez-vous', 'Votre rendez-vous est prevu demain', 'warning', '/rendez-vous/9', false, NULL),
(10, 'Nouvelle evaluation', 'Vous avez reçu une nouvelle evaluation', 'info', '/evaluations/10', true, '2024-03-26 15:30:00');

INSERT INTO contrats_prestations (contrat_id, prestation_id) VALUES
(10, 10),
(11, 1),
(12, 2);

INSERT INTO services (nom, description, actif, ordre) VALUES
('Starter Pack', 'Pour les petites équipes (jusqu\'à 30 salariés)', TRUE, 10),
('Basic Pack', 'Solution équilibrée (jusqu\'à 250 salariés)', TRUE, 20),
('Premium Pack', 'Offre complète pour grandes entreprises (251+ salariés)', TRUE, 30),
('Consultation Ponctuelle', 'Besoin spécifique hors contrat', TRUE, 40),
('Événement Sur Mesure', 'Organisation d\'un événement spécifique', TRUE, 50);